PairID,Algorithm,Joint1_X,Joint1_Y,Joint1_Z,Joint2_X,Joint2_Y,Joint2_Z,Joint3_X,Joint3_Y,Joint3_Z,Joint4_X,Joint4_Y,Joint4_Z,Joint5_X,Joint5_Y,Joint5_Z,Joint6_X,Joint6_Y,Joint6_Z,Joint7_X,Joint7_Y,Joint7_Z
0,RRT,1,0,0,0.999564,9.17602e-12,0.36,0.999564,9.17602e-12,0.36,0.702887,6.25815e-09,0.657293,0.702887,6.25815e-09,0.657293,0.375212,5.40586e-09,0.427882,0.375212,5.40586e-09,0.427882
0,RRT,1,0,0,0.999564,4.61368e-07,0.36,0.999564,4.61368e-07,0.36,0.703166,0.000314017,0.657571,0.703166,0.000314017,0.657571,0.375273,0.00058422,0.428472,0.375273,0.00058422,0.428472
0,RRT,1,0,0,0.999564,1.84544e-06,0.36,0.999564,1.84544e-06,0.36,0.704006,0.0012525,0.658403,0.704006,0.0012525,0.658403,0.375465,0.00233607,0.430239,0.375465,0.00233607,0.430239
0,RRT,1,0,0,0.999564,4.15218e-06,0.36,0.999564,4.15218e-06,0.36,0.705419,0.00280474,0.659785,0.705419,0.00280474,0.659785,0.375805,0.00525303,0.433183,0.375805,0.00525303,0.433183
0,RRT,1,0,0,0.999564,7.3814e-06,0.36,0.999564,7.3814e-06,0.36,0.707421,0.00495264,0.661709,0.707421,0.00495264,0.661709,0.376328,0.00933046,0.437303,0.376328,0.00933046,0.437303
0,RRT,1,0,0,0.999564,1.15326e-05,0.36,0.999564,1.15326e-05,0.36,0.710037,0.0076704,0.664164,0.710037,0.0076704,0.664164,0.37708,0.0145609,0.442596,0.37708,0.0145609,0.442596
0,RRT,1,0,0,0.999564,1.66049e-05,0.36,0.999564,1.66049e-05,0.36,0.713296,0.010924,0.667134,0.713296,0.010924,0.667134,0.378119,0.020933,0.449059,0.378119,0.020933,0.449059
0,RRT,1,0,0,0.999564,2.25965e-05,0.36,0.999564,2.25965e-05,0.36,0.717232,0.0146707,0.670603,0.717232,0.0146707,0.670603,0.379518,0.0284308,0.456687,0.379518,0.0284308,0.456687
0,RRT,1,0,0,0.999565,2.90566e-05,0.36,0.999565,2.90566e-05,0.36,0.721581,0.0185913,0.674294,0.721581,0.0185913,0.674294,0.381233,0.0364753,0.464905,0.381233,0.0364753,0.464905
0,RRT,1,0,0,0.999565,3.55104e-05,0.36,0.999565,3.55104e-05,0.36,0.726031,0.0223822,0.67793,0.726031,0.0223822,0.67793,0.383161,0.0444666,0.473107,0.383161,0.0444666,0.473107
0,RRT,1,0,0,0.999566,4.19564e-05,0.36,0.999566,4.19564e-05,0.36,0.730578,0.0260407,0.681512,0.730578,0.0260407,0.681512,0.3853,0.0523985,0.481291,0.3853,0.0523985,0.481291
0,RRT,1,0,0,0.999566,4.83932e-05,0.36,0.999566,4.83932e-05,0.36,0.735219,0.0295642,0.685038,0.735219,0.0295642,0.685038,0.387648,0.0602648,0.489458,0.387648,0.0602648,0.489458
0,RRT,1,0,0,0.999567,5.48193e-05,0.36,0.999567,5.48193e-05,0.36,0.73995,0.03295,0.688507,0.73995,0.03295,0.688507,0.390203,0.0680595,0.497604,0.390203,0.0680595,0.497604
0,RRT,1,0,0,0.999568,6.12333e-05,0.36,0.999568,6.12333e-05,0.36,0.744767,0.0361957,0.69192,0.744767,0.0361957,0.69192,0.392964,0.0757766,0.505728,0.392964,0.0757766,0.505728
0,RRT,1,0,0,0.999569,6.76339e-05,0.36,0.999569,6.76339e-05,0.36,0.749667,0.0392989,0.695276,0.749667,0.0392989,0.695276,0.395927,0.0834101,0.513829,0.395927,0.0834101,0.513829
0,RRT,1,0,0,0.99957,7.40196e-05,0.36,0.99957,7.40196e-05,0.36,0.754644,0.0422575,0.698573,0.754644,0.0422575,0.698573,0.399092,0.0909542,0.521906,0.399092,0.0909542,0.521906
0,RRT,1,0,0,0.999571,8.0389e-05,0.36,0.999571,8.0389e-05,0.36,0.759695,0.0450694,0.701812,0.759695,0.0450694,0.701812,0.402454,0.0984031,0.529956,0.402454,0.0984031,0.529956
0,RRT,1,0,0,0.999572,8.67407e-05,0.36,0.999572,8.67407e-05,0.36,0.764816,0.0477324,0.704992,0.764816,0.0477324,0.704992,0.406012,0.105751,0.537979,0.406012,0.105751,0.537979
0,RRT,1,0,0,0.999574,9.30733e-05,0.36,0.999574,9.30733e-05,0.36,0.770003,0.0502448,0.708112,0.770003,0.0502448,0.708112,0.409762,0.112992,0.545972,0.409762,0.112992,0.545972
0,RRT,1,0,0,0.999575,9.93855e-05,0.36,0.999575,9.93855e-05,0.36,0.775251,0.0526048,0.711172,0.775251,0.0526048,0.711172,0.413702,0.120121,0.553935,0.413702,0.120121,0.553935
0,RRT,1,0,0,0.999577,0.000105676,0.36,0.999577,0.000105676,0.36,0.780556,0.0548107,0.714171,0.780556,0.0548107,0.714171,0.417827,0.127133,0.561865,0.417827,0.127133,0.561865
0,RRT,1,0,0,0.999578,0.000111943,0.36,0.999578,0.000111943,0.36,0.785914,0.056861,0.717109,0.785914,0.056861,0.717109,0.422135,0.134021,0.569762,0.422135,0.134021,0.569762
0,RRT,1,0,0,0.99958,0.000118185,0.36,0.99958,0.000118185,0.36,0.79132,0.0587544,0.719986,0.79132,0.0587544,0.719986,0.426622,0.140781,0.577623,0.426622,0.140781,0.577623
0,RRT,1,0,0,0.999582,0.000124401,0.36,0.999582,0.000124401,0.36,0.79677,0.0604894,0.7228,0.79677,0.0604894,0.7228,0.431285,0.147408,0.585448,0.431285,0.147408,0.585448
0,RRT,1,0,0,0.999584,0.00013059,0.36,0.999584,0.00013059,0.36,0.80226,0.0620651,0.725551,0.80226,0.0620651,0.725551,0.436118,0.153896,0.593234,0.436118,0.153896,0.593234
0,RRT,1,0,0,0.999586,0.000136751,0.36,0.999586,0.000136751,0.36,0.807784,0.0634802,0.728239,0.807784,0.0634802,0.728239,0.44112,0.160241,0.600981,0.44112,0.160241,0.600981
0,RRT,1,0,0,0.999588,0.000142881,0.36,0.999588,0.000142881,0.36,0.813339,0.0647341,0.730863,0.813339,0.0647341,0.730863,0.446284,0.166437,0.608686,0.446284,0.166437,0.608686
0,RRT,1,0,0,0.99959,0.00014898,0.36,0.99959,0.00014898,0.36,0.81892,0.0658257,0.733424,0.81892,0.0658257,0.733424,0.451607,0.17248,0.616349,0.451607,0.17248,0.616349
0,RRT,1,0,0,0.999592,0.000155046,0.36,0.999592,0.000155046,0.36,0.824522,0.0667547,0.735919,0.824522,0.0667547,0.735919,0.457085,0.178365,0.623968,0.457085,0.178365,0.623968
0,RRT,1,0,0,0.999595,0.000161077,0.36,0.999595,0.000161077,0.36,0.830141,0.0675203,0.73835,0.830141,0.0675203,0.73835,0.462713,0.184088,0.631542,0.462713,0.184088,0.631542
0,RRT,1,0,0,0.999597,0.000167074,0.36,0.999597,0.000167074,0.36,0.835773,0.0681222,0.740715,0.835773,0.0681222,0.740715,0.468485,0.189645,0.639068,0.468485,0.189645,0.639068
0,RRT,1,0,0,0.9996,0.000173033,0.36,0.9996,0.000173033,0.36,0.841412,0.0685601,0.743014,0.841412,0.0685601,0.743014,0.474398,0.195031,0.646546,0.474398,0.195031,0.646546
0,RRT,1,0,0,0.999602,0.000178955,0.36,0.999602,0.000178955,0.36,0.847054,0.068834,0.745247,0.847054,0.068834,0.745247,0.480446,0.200243,0.653974,0.480446,0.200243,0.653974
0,RRT,1,0,0,0.999605,0.000184837,0.36,0.999605,0.000184837,0.36,0.852694,0.0689438,0.747414,0.852694,0.0689438,0.747414,0.486625,0.205275,0.661351,0.486625,0.205275,0.661351
0,RRT,1,0,0,0.999608,0.000190678,0.36,0.999608,0.000190678,0.36,0.858328,0.0688895,0.749513,0.858328,0.0688895,0.749513,0.492928,0.210126,0.668675,0.492928,0.210126,0.668675
0,RRT,1,0,0,0.999611,0.000196478,0.36,0.999611,0.000196478,0.36,0.863951,0.0686716,0.751546,0.863951,0.0686716,0.751546,0.499351,0.21479,0.675945,0.499351,0.21479,0.675945
0,RRT,1,0,0,0.999613,0.000202234,0.36,0.999613,0.000202234,0.36,0.869559,0.0682903,0.75351,0.869559,0.0682903,0.75351,0.505888,0.219265,0.683159,0.505888,0.219265,0.683159
0,RRT,1,0,0,0.999617,0.000207946,0.36,0.999617,0.000207946,0.36,0.875147,0.0677461,0.755406,0.875147,0.0677461,0.755406,0.512533,0.223548,0.690317,0.512533,0.223548,0.690317
0,RRT,1,0,0,0.99962,0.000213612,0.36,0.99962,0.000213612,0.36,0.880711,0.0670398,0.757234,0.880711,0.0670398,0.757234,0.519282,0.227634,0.697416,0.519282,0.227634,0.697416
0,RRT,1,0,0,0.999623,0.000219231,0.36,0.999623,0.000219231,0.36,0.886246,0.066172,0.758994,0.886246,0.066172,0.758994,0.526127,0.231522,0.704456,0.526127,0.231522,0.704456
0,RRT,1,0,0,0.999626,0.000224801,0.36,0.999626,0.000224801,0.36,0.891746,0.0651436,0.760684,0.891746,0.0651436,0.760684,0.533065,0.235208,0.711434,0.533065,0.235208,0.711434
0,RRT,1,0,0,0.99963,0.000230323,0.36,0.99963,0.000230323,0.36,0.897209,0.0639557,0.762305,0.897209,0.0639557,0.762305,0.540088,0.23869,0.71835,0.540088,0.23869,0.71835
0,RRT,1,0,0,0.999633,0.000235793,0.36,0.999633,0.000235793,0.36,0.90263,0.0626094,0.763857,0.90263,0.0626094,0.763857,0.54719,0.241965,0.725203,0.54719,0.241965,0.725203
0,RRT,1,0,0,0.999637,0.000241212,0.36,0.999637,0.000241212,0.36,0.908003,0.061106,0.765338,0.908003,0.061106,0.765338,0.554366,0.245031,0.731991,0.554366,0.245031,0.731991
0,RRT,1,0,0,0.99964,0.000246577,0.36,0.99964,0.000246577,0.36,0.913325,0.0594468,0.76675,0.913325,0.0594468,0.76675,0.561609,0.247887,0.738712,0.561609,0.247887,0.738712
0,RRT,1,0,0,0.999644,0.000251889,0.36,0.999644,0.000251889,0.36,0.918592,0.0576334,0.768091,0.918592,0.0576334,0.768091,0.568913,0.250529,0.745365,0.568913,0.250529,0.745365
0,RRT,1,0,0,0.999648,0.000257145,0.36,0.999648,0.000257145,0.36,0.923798,0.0556674,0.769361,0.923798,0.0556674,0.769361,0.576273,0.252956,0.75195,0.576273,0.252956,0.75195
0,RRT,1,0,0,0.999651,0.000262344,0.36,0.999651,0.000262344,0.36,0.92894,0.0535505,0.770561,0.92894,0.0535505,0.770561,0.583681,0.255168,0.758464,0.583681,0.255168,0.758464
0,RRT,1,0,0,0.999655,0.000267485,0.36,0.999655,0.000267485,0.36,0.934014,0.0512846,0.77169,0.934014,0.0512846,0.77169,0.591131,0.257161,0.764907,0.591131,0.257161,0.764907
0,RRT,1,0,0,0.999659,0.000272568,0.36,0.999659,0.000272568,0.36,0.939016,0.0488717,0.772748,0.939016,0.0488717,0.772748,0.598618,0.258936,0.771277,0.598618,0.258936,0.771277
0,RRT,1,0,0,0.999663,0.000277591,0.36,0.999663,0.000277591,0.36,0.94394,0.0463139,0.773734,0.94394,0.0463139,0.773734,0.606134,0.260491,0.777574,0.606134,0.260491,0.777574
0,RRT,1,0,0,0.999668,0.000282552,0.36,0.999668,0.000282552,0.36,0.948784,0.0436135,0.774649,0.948784,0.0436135,0.774649,0.613672,0.261826,0.783794,0.613672,0.261826,0.783794
0,RRT,1,0,0,0.999672,0.000287452,0.36,0.999672,0.000287452,0.36,0.953543,0.0407727,0.775492,0.953543,0.0407727,0.775492,0.621228,0.262939,0.789939,0.621228,0.262939,0.789939
0,RRT,1,0,0,0.999676,0.000292288,0.36,0.999676,0.000292288,0.36,0.958214,0.0377939,0.776263,0.958214,0.0377939,0.776263,0.628793,0.26383,0.796006,0.628793,0.26383,0.796006
0,RRT,1,0,0,0.999681,0.00029706,0.36,0.999681,0.00029706,0.36,0.962792,0.0346798,0.776962,0.962792,0.0346798,0.776962,0.636363,0.2645,0.801994,0.636363,0.2645,0.801994
0,RRT,1,0,0,0.999685,0.000301766,0.36,0.999685,0.000301766,0.36,0.967274,0.031433,0.777589,0.967274,0.031433,0.777589,0.643929,0.264948,0.807902,0.643929,0.264948,0.807902
0,RRT,1,0,0,0.999689,0.000306406,0.36,0.999689,0.000306406,0.36,0.971656,0.0280562,0.778144,0.971656,0.0280562,0.778144,0.651486,0.265173,0.813728,0.651486,0.265173,0.813728
0,RRT,1,0,0,0.999694,0.000310979,0.36,0.999694,0.000310979,0.36,0.975935,0.0245523,0.778626,0.975935,0.0245523,0.778626,0.659026,0.265178,0.819473,0.659026,0.265178,0.819473
0,RRT,1,0,0,0.999699,0.000315483,0.36,0.999699,0.000315483,0.36,0.980106,0.0209242,0.779037,0.980106,0.0209242,0.779037,0.666545,0.264961,0.825134,0.666545,0.264961,0.825134
0,RRT,1,0,0,0.999703,0.000319918,0.36,0.999703,0.000319918,0.36,0.984168,0.017175,0.779374,0.984168,0.017175,0.779374,0.674034,0.264524,0.83071,0.674034,0.264524,0.83071
0,RRT,1,0,0,0.999708,0.000324282,0.36,0.999708,0.000324282,0.36,0.988115,0.013308,0.779639,0.988115,0.013308,0.779639,0.681487,0.263868,0.8362,0.681487,0.263868,0.8362
0,RRT,1,0,0,0.999713,0.000328575,0.36,0.999713,0.000328575,0.36,0.991946,0.00932616,0.779832,0.991946,0.00932616,0.779832,0.688899,0.262993,0.841604,0.688899,0.262993,0.841604
0,RRT,1,0,0,0.999718,0.000332796,0.36,0.999718,0.000332796,0.36,0.995656,0.005233,0.779952,0.995656,0.005233,0.779952,0.696263,0.261902,0.84692,0.696263,0.261902,0.84692
0,RRT,1,0,0,0.999723,0.000336943,0.36,0.999723,0.000336943,0.36,0.999243,0.00103189,0.779999,0.999243,0.00103189,0.779999,0.703571,0.260595,0.852147,0.703571,0.260595,0.852147
0,RRT,1,0,0,0.999728,0.000341017,0.36,0.999728,0.000341017,0.36,1.0027,-0.00327365,0.779974,1.0027,-0.00327365,0.779974,0.710819,0.259075,0.857284,0.710819,0.259075,0.857284
0,RRT,1,0,0,0.999733,0.000345015,0.36,0.999733,0.000345015,0.36,1.00603,-0.00768005,0.779876,1.00603,-0.00768005,0.779876,0.717999,0.257342,0.86233,0.717999,0.257342,0.86233
0,RRT,1,0,0,0.999738,0.000348937,0.36,0.999738,0.000348937,0.36,1.00923,-0.0121836,0.779706,1.00923,-0.0121836,0.779706,0.725105,0.2554,0.867285,0.725105,0.2554,0.867285
0,RRT,1,0,0,0.999743,0.000352783,0.36,0.999743,0.000352783,0.36,1.0123,-0.0167807,0.779463,1.0123,-0.0167807,0.779463,0.732132,0.253249,0.872146,0.732132,0.253249,0.872146
0,RRT,1,0,0,0.999749,0.000356551,0.36,0.999749,0.000356551,0.36,1.01523,-0.0214673,0.779147,1.01523,-0.0214673,0.779147,0.739073,0.250894,0.876913,0.739073,0.250894,0.876913
0,RRT,1,0,0,0.999754,0.00036024,0.36,0.999754,0.00036024,0.36,1.01801,-0.0262397,0.778759,1.01801,-0.0262397,0.778759,0.745921,0.248336,0.881585,0.745921,0.248336,0.881585
0,RRT,1,0,0,0.999759,0.00036385,0.36,0.999759,0.00036385,0.36,1.02066,-0.0310939,0.778299,1.02066,-0.0310939,0.778299,0.752672,0.245578,0.886161,0.752672,0.245578,0.886161
0,RRT,1,0,0,0.999765,0.00036738,0.36,0.999765,0.00036738,0.36,1.02316,-0.0360258,0.777766,1.02316,-0.0360258,0.777766,0.759318,0.242623,0.890641,0.759318,0.242623,0.890641
0,RRT,1,0,0,0.99977,0.000370829,0.36,0.99977,0.000370829,0.36,1.02552,-0.0410315,0.777161,1.02552,-0.0410315,0.777161,0.765855,0.239475,0.895023,0.765855,0.239475,0.895023
0,RRT,1,0,0,0.999776,0.000374197,0.36,0.999776,0.000374197,0.36,1.02773,-0.0461067,0.776484,1.02773,-0.0461067,0.776484,0.772277,0.236135,0.899306,0.772277,0.236135,0.899306
0,RRT,1,0,0,0.999781,0.000377482,0.36,0.999781,0.000377482,0.36,1.02978,-0.0512472,0.775734,1.02978,-0.0512472,0.775734,0.778577,0.232609,0.90349,0.778577,0.232609,0.90349
0,RRT,1,0,0,0.999787,0.000380685,0.36,0.999787,0.000380685,0.36,1.03169,-0.0564489,0.774913,1.03169,-0.0564489,0.774913,0.78475,0.228899,0.907574,0.78475,0.228899,0.907574
0,RRT,1,0,0,0.999793,0.000383803,0.36,0.999793,0.000383803,0.36,1.03344,-0.0617073,0.77402,1.03344,-0.0617073,0.77402,0.790792,0.22501,0.911557,0.790792,0.22501,0.911557
0,RRT,1,0,0,0.999798,0.000386837,0.36,0.999798,0.000386837,0.36,1.03503,-0.0670183,0.773056,1.03503,-0.0670183,0.773056,0.796696,0.220945,0.915438,0.796696,0.220945,0.915438
0,RRT,1,0,0,0.999804,0.000389786,0.36,0.999804,0.000389786,0.36,1.03647,-0.0723774,0.77202,1.03647,-0.0723774,0.77202,0.802457,0.216708,0.919216,0.802457,0.216708,0.919216
0,RRT,1,0,0,0.99981,0.000392649,0.36,0.99981,0.000392649,0.36,1.03775,-0.0777801,0.770913,1.03775,-0.0777801,0.770913,0.808071,0.212305,0.92289,0.808071,0.212305,0.92289
0,RRT,1,0,0,0.999816,0.000395425,0.36,0.999816,0.000395425,0.36,1.03888,-0.0832221,0.769735,1.03888,-0.0832221,0.769735,0.813532,0.207738,0.92646,0.813532,0.207738,0.92646
0,RRT,1,0,0,0.999822,0.000398115,0.36,0.999822,0.000398115,0.36,1.03984,-0.0886989,0.768486,1.03984,-0.0886989,0.768486,0.818836,0.203013,0.929926,0.818836,0.203013,0.929926
0,RRT,1,0,0,0.999828,0.000400717,0.36,0.999828,0.000400717,0.36,1.04064,-0.0942059,0.767166,1.04064,-0.0942059,0.767166,0.823977,0.198134,0.933286,0.823977,0.198134,0.933286
0,RRT,1,0,0,0.999834,0.000403231,0.36,0.999834,0.000403231,0.36,1.04128,-0.0997387,0.765776,1.04128,-0.0997387,0.765776,0.828952,0.193107,0.936539,0.828952,0.193107,0.936539
0,RRT,1,0,0,0.99984,0.000405656,0.36,0.99984,0.000405656,0.36,1.04175,-0.105293,0.764316,1.04175,-0.105293,0.764316,0.833755,0.187936,0.939685,0.833755,0.187936,0.939685
0,RRT,1,0,0,0.999846,0.000407991,0.36,0.999846,0.000407991,0.36,1.04207,-0.110863,0.762786,1.04207,-0.110863,0.762786,0.838383,0.182626,0.942724,0.838383,0.182626,0.942724
0,RRT,1,0,0,0.999852,0.000410237,0.36,0.999852,0.000410237,0.36,1.04222,-0.116446,0.761186,1.04222,-0.116446,0.761186,0.842832,0.177183,0.945654,0.842832,0.177183,0.945654
0,RRT,1,0,0,0.999858,0.000412393,0.36,0.999858,0.000412393,0.36,1.0422,-0.122036,0.759517,1.0422,-0.122036,0.759517,0.847096,0.171612,0.948476,0.847096,0.171612,0.948476
0,RRT,1,0,0,0.999864,0.000414458,0.36,0.999864,0.000414458,0.36,1.04202,-0.127628,0.757779,1.04202,-0.127628,0.757779,0.851174,0.165918,0.951188,0.851174,0.165918,0.951188
0,RRT,1,0,0,0.99987,0.000416432,0.36,0.99987,0.000416432,0.36,1.04168,-0.133219,0.755972,1.04168,-0.133219,0.755972,0.85506,0.160108,0.953789,0.85506,0.160108,0.953789
0,RRT,1,0,0,0.999876,0.000418314,0.36,0.999876,0.000418314,0.36,1.04118,-0.138804,0.754096,1.04118,-0.138804,0.754096,0.858752,0.154186,0.956281,0.858752,0.154186,0.956281
0,RRT,1,0,0,0.999882,0.000420104,0.36,0.999882,0.000420104,0.36,1.04051,-0.144378,0.752153,1.04051,-0.144378,0.752153,0.862245,0.148159,0.958661,0.862245,0.148159,0.958661
0,RRT,1,0,0,0.999889,0.000421801,0.36,0.999889,0.000421801,0.36,1.03967,-0.149936,0.750141,1.03967,-0.149936,0.750141,0.865538,0.142033,0.960929,0.865538,0.142033,0.960929
0,RRT,1,0,0,0.999895,0.000423406,0.36,0.999895,0.000423406,0.36,1.03868,-0.155474,0.748062,1.03868,-0.155474,0.748062,0.868627,0.135813,0.963085,0.868627,0.135813,0.963085
0,RRT,1,0,0,0.999901,0.000424918,0.36,0.999901,0.000424918,0.36,1.03752,-0.160987,0.745916,1.03752,-0.160987,0.745916,0.871508,0.129506,0.965129,0.871508,0.129506,0.965129
0,RRT,1,0,0,0.999908,0.000426336,0.36,0.999908,0.000426336,0.36,1.0362,-0.166471,0.743703,1.0362,-0.166471,0.743703,0.874181,0.123118,0.96706,0.874181,0.123118,0.96706
0,RRT,1,0,0,0.999914,0.00042766,0.36,0.999914,0.00042766,0.36,1.03472,-0.171921,0.741424,1.03472,-0.171921,0.741424,0.876641,0.116655,0.968877,0.876641,0.116655,0.968877
0,RRT,1,0,0,0.99992,0.00042889,0.36,0.99992,0.00042889,0.36,1.03308,-0.177333,0.739079,1.03308,-0.177333,0.739079,0.878887,0.110123,0.97058,0.878887,0.110123,0.97058
0,RRT,1,0,0,0.999927,0.000430026,0.36,0.999927,0.000430026,0.36,1.03128,-0.182702,0.736669,1.03128,-0.182702,0.736669,0.880917,0.10353,0.972169,0.880917,0.10353,0.972169
0,RRT,1,0,0,0.999933,0.000431067,0.36,0.999933,0.000431067,0.36,1.02933,-0.188025,0.734193,1.02933,-0.188025,0.734193,0.882728,0.0968807,0.973644,0.882728,0.0968807,0.973644
0,RRT,1,0,0,0.999939,0.000432013,0.36,0.999939,0.000432013,0.36,1.02722,-0.193295,0.731653,1.02722,-0.193295,0.731653,0.88432,0.0901828,0.975003,0.88432,0.0901828,0.975003
0,RRT,1,0,0,0.999946,0.000432864,0.36,0.999946,0.000432864,0.36,1.02496,-0.19851,0.729048,1.02496,-0.19851,0.729048,0.88569,0.0834424,0.976248,0.88569,0.0834424,0.976248
0,RRT,1,0,0,0.999952,0.00043362,0.36,0.999952,0.00043362,0.36,1.02254,-0.203665,0.726379,1.02254,-0.203665,0.726379,0.886837,0.0766663,0.977377,0.886837,0.0766663,0.977377
0,RRT,1,0,0,0.999959,0.000434281,0.36,0.999959,0.000434281,0.36,1.01997,-0.208755,0.723648,1.01997,-0.208755,0.723648,0.887761,0.0698612,0.97839,0.887761,0.0698612,0.97839
0,RRT,1,0,0,0.999965,0.000434845,0.36,0.999965,0.000434845,0.36,1.01725,-0.213777,0.720853,1.01725,-0.213777,0.720853,0.88846,0.0630338,0.979287,0.88846,0.0630338,0.979287
0,RRT,1,0,0,0.999972,0.000435315,0.36,0.999972,0.000435315,0.36,1.01439,-0.218725,0.717996,1.01439,-0.218725,0.717996,0.888933,0.0561908,0.980068,0.888933,0.0561908,0.980068
0,RRT,1,0,0,0.999978,0.000435688,0.36,0.999978,0.000435688,0.36,1.01138,-0.223597,0.715077,1.01138,-0.223597,0.715077,0.88918,0.049339,0.980733,0.88918,0.049339,0.980733
0,RRT,1,0,0,0.999985,0.000435966,0.36,0.999985,0.000435966,0.36,1.00823,-0.228388,0.712096,1.00823,-0.228388,0.712096,0.889201,0.0424853,0.981281,0.889201,0.0424853,0.981281
0,RRT,1,0,0,0.999991,0.000436147,0.36,0.999991,0.000436147,0.36,1.00493,-0.233094,0.709055,1.00493,-0.233094,0.709055,0.888995,0.0356365,0.981712,0.888995,0.0356365,0.981712
0,RRT,1,0,0,0.999997,0.000436233,0.36,0.999997,0.000436233,0.36,1.0015,-0.237711,0.705953,1.0015,-0.237711,0.705953,0.888562,0.0287993,0.982027,0.888562,0.0287993,0.982027
0,RRT,1,0,0,1,0.000436222,0.36,1,0.000436222,0.36,0.997937,-0.242236,0.702792,0.997937,-0.242236,0.702792,0.887904,0.0219806,0.982224,0.887904,0.0219806,0.982224
0,RRT,1,0,0,1.00001,0.000436116,0.36,1.00001,0.000436116,0.36,0.994238,-0.246664,0.699571,0.994238,-0.246664,0.699571,0.88702,0.0151873,0.982305,0.88702,0.0151873,0.982305
0,RRT,1,0,0,1.00002,0.000435913,0.36,1.00002,0.000435913,0.36,0.990409,-0.250992,0.696292,0.990409,-0.250992,0.696292,0.88591,0.00842617,0.982268,0.88591,0.00842617,0.982268
0,RRT,1,0,0,1.00002,0.000435615,0.36,1.00002,0.000435615,0.36,0.986452,-0.255216,0.692954,0.986452,-0.255216,0.692954,0.884577,0.00170397,0.982114,0.884577,0.00170397,0.982114
0,RRT,1,0,0,1.00003,0.000435221,0.36,1.00003,0.000435221,0.36,0.982372,-0.259333,0.689559,0.982372,-0.259333,0.689559,0.88302,-0.00497249,0.981843,0.88302,-0.00497249,0.981843
0,RRT,1,0,0,1.00004,0.000434731,0.36,1.00004,0.000434731,0.36,0.978169,-0.263339,0.686107,0.978169,-0.263339,0.686107,0.881242,-0.0115965,0.981456,0.881242,-0.0115965,0.981456
0,RRT,1,0,0,1.00004,0.000434145,0.36,1.00004,0.000434145,0.36,0.973849,-0.267231,0.682598,0.973849,-0.267231,0.682598,0.879243,-0.0181613,0.98095,0.879243,-0.0181613,0.98095
0,RRT,1,0,0,1.00005,0.000433464,0.36,1.00005,0.000433464,0.36,0.969413,-0.271005,0.679034,0.969413,-0.271005,0.679034,0.877025,-0.0246601,0.980328,0.877025,-0.0246601,0.980328
0,RRT,1,0,0,1.00006,0.000432687,0.36,1.00006,0.000432687,0.36,0.964866,-0.274659,0.675414,0.964866,-0.274659,0.675414,0.874591,-0.0310865,0.97959,0.874591,-0.0310865,0.97959
0,RRT,1,0,0,1.00006,0.000431816,0.36,1.00006,0.000431816,0.36,0.960211,-0.27819,0.67174,0.960211,-0.27819,0.67174,0.871941,-0.0374338,0.978734,0.871941,-0.0374338,0.978734
0,RRT,1,0,0,1.00007,0.000430849,0.36,1.00007,0.000430849,0.36,0.955451,-0.281594,0.668012,0.955451,-0.281594,0.668012,0.86908,-0.0436955,0.977761,0.86908,-0.0436955,0.977761
0,RRT,1,0,0,1.00007,0.000429787,0.36,1.00007,0.000429787,0.36,0.95059,-0.284868,0.664231,0.95059,-0.284868,0.664231,0.866008,-0.049865,0.976672,0.866008,-0.049865,0.976672
0,RRT,1,0,0,1.00008,0.000428631,0.36,1.00008,0.000428631,0.36,0.945632,-0.28801,0.660397,0.945632,-0.28801,0.660397,0.862728,-0.0559361,0.975467,0.862728,-0.0559361,0.975467
0,RRT,1,0,0,1.00009,0.00042738,0.36,1.00009,0.00042738,0.36,0.940579,-0.291017,0.656512,0.940579,-0.291017,0.656512,0.859244,-0.0619024,0.974146,0.859244,-0.0619024,0.974146
0,RRT,1,0,0,1.00009,0.000426035,0.36,1.00009,0.000426035,0.36,0.935437,-0.293886,0.652575,0.935437,-0.293886,0.652575,0.855559,-0.0677576,0.972708,0.855559,-0.0677576,0.972708
0,RRT,1,0,0,1.0001,0.000424597,0.36,1.0001,0.000424597,0.36,0.930209,-0.296615,0.648587,0.930209,-0.296615,0.648587,0.851675,-0.0734956,0.971155,0.851675,-0.0734956,0.971155
0,RRT,1,0,0,1.00011,0.000423065,0.36,1.00011,0.000423065,0.36,0.924898,-0.299202,0.64455,0.924898,-0.299202,0.64455,0.847596,-0.0791103,0.969486,0.847596,-0.0791103,0.969486
0,RRT,1,0,0,1.00011,0.00042144,0.36,1.00011,0.00042144,0.36,0.919509,-0.301644,0.640463,0.919509,-0.301644,0.640463,0.843326,-0.0845958,0.967703,0.843326,-0.0845958,0.967703
0,RRT,1,0,0,1.00012,0.000419723,0.36,1.00012,0.000419723,0.36,0.914047,-0.30394,0.636328,0.914047,-0.30394,0.636328,0.838868,-0.0899461,0.965804,0.838868,-0.0899461,0.965804
0,RRT,1,0,0,1.00013,0.000417913,0.36,1.00013,0.000417913,0.36,0.908514,-0.306086,0.632145,0.908514,-0.306086,0.632145,0.834226,-0.0951555,0.963791,0.834226,-0.0951555,0.963791
0,RRT,1,0,0,1.00013,0.00041601,0.36,1.00013,0.00041601,0.36,0.902916,-0.308082,0.627915,0.902916,-0.308082,0.627915,0.829404,-0.100218,0.961664,0.829404,-0.100218,0.961664
0,RRT,1,0,0,1.00014,0.000414017,0.36,1.00014,0.000414017,0.36,0.897256,-0.309925,0.623639,0.897256,-0.309925,0.623639,0.824407,-0.105129,0.959424,0.824407,-0.105129,0.959424
0,RRT,1,0,0,1.00014,0.000411932,0.36,1.00014,0.000411932,0.36,0.891539,-0.311614,0.619317,0.891539,-0.311614,0.619317,0.819239,-0.109882,0.957069,0.819239,-0.109882,0.957069
0,RRT,1,0,0,1.00015,0.000409757,0.36,1.00015,0.000409757,0.36,0.88577,-0.313147,0.61495,0.88577,-0.313147,0.61495,0.813905,-0.114473,0.954603,0.813905,-0.114473,0.954603
0,RRT,1,0,0,1.00016,0.000407491,0.36,1.00016,0.000407491,0.36,0.879951,-0.314523,0.610539,0.879951,-0.314523,0.610539,0.808409,-0.118895,0.952023,0.808409,-0.118895,0.952023
0,RRT,1,0,0,1.00016,0.000405136,0.36,1.00016,0.000405136,0.36,0.874089,-0.31574,0.606085,0.874089,-0.31574,0.606085,0.802756,-0.123144,0.949332,0.802756,-0.123144,0.949332
0,RRT,1,0,0,1.00017,0.000402692,0.36,1.00017,0.000402692,0.36,0.868187,-0.316798,0.601588,0.868187,-0.316798,0.601588,0.796952,-0.127216,0.946529,0.796952,-0.127216,0.946529
0,RRT,1,0,0,1.00017,0.000400159,0.36,1.00017,0.000400159,0.36,0.86225,-0.317695,0.59705,0.86225,-0.317695,0.59705,0.791001,-0.131104,0.943615,0.791001,-0.131104,0.943615
0,RRT,1,0,0,1.00018,0.000397538,0.36,1.00018,0.000397538,0.36,0.856282,-0.31843,0.59247,0.856282,-0.31843,0.59247,0.784909,-0.134806,0.940591,0.784909,-0.134806,0.940591
0,RRT,1,0,0,1.00019,0.000394829,0.36,1.00019,0.000394829,0.36,0.850288,-0.319003,0.587851,0.850288,-0.319003,0.587851,0.778681,-0.138316,0.937457,0.778681,-0.138316,0.937457
0,RRT,1,0,0,1.00019,0.000392034,0.36,1.00019,0.000392034,0.36,0.844272,-0.319412,0.583192,0.844272,-0.319412,0.583192,0.772324,-0.14163,0.934214,0.772324,-0.14163,0.934214
0,RRT,1,0,0,1.0002,0.000389152,0.36,1.0002,0.000389152,0.36,0.83824,-0.319658,0.578494,0.83824,-0.319658,0.578494,0.765842,-0.144743,0.930862,0.765842,-0.144743,0.930862
0,RRT,1,0,0,1.0002,0.000386185,0.36,1.0002,0.000386185,0.36,0.832195,-0.31974,0.573759,0.832195,-0.31974,0.573759,0.759241,-0.147653,0.927402,0.759241,-0.147653,0.927402
0,RRT,1,0,0,1.00021,0.000383132,0.36,1.00021,0.000383132,0.36,0.826142,-0.319657,0.568986,0.826142,-0.319657,0.568986,0.752528,-0.150355,0.923835,0.752528,-0.150355,0.923835
0,RRT,1,0,0,1.00021,0.000379996,0.36,1.00021,0.000379996,0.36,0.820086,-0.31941,0.564178,0.820086,-0.31941,0.564178,0.745709,-0.152845,0.920161,0.745709,-0.152845,0.920161
0,RRT,1,0,0,1.00022,0.000376775,0.36,1.00022,0.000376775,0.36,0.814031,-0.318997,0.559334,0.814031,-0.318997,0.559334,0.73879,-0.15512,0.916382,0.73879,-0.15512,0.916382
0,RRT,1,0,0,1.00023,0.000373472,0.36,1.00023,0.000373472,0.36,0.807982,-0.318421,0.554456,0.807982,-0.318421,0.554456,0.731776,-0.157178,0.912497,0.731776,-0.157178,0.912497
0,RRT,1,0,0,1.00023,0.000370087,0.36,1.00023,0.000370087,0.36,0.801944,-0.31768,0.549544,0.801944,-0.31768,0.549544,0.724676,-0.159013,0.908507,0.724676,-0.159013,0.908507
0,RRT,1,0,0,1.00024,0.00036662,0.36,1.00024,0.00036662,0.36,0.795921,-0.316775,0.544599,0.795921,-0.316775,0.544599,0.717495,-0.160625,0.904414,0.717495,-0.160625,0.904414
0,RRT,1,0,0,1.00024,0.000363072,0.36,1.00024,0.000363072,0.36,0.789918,-0.315706,0.539623,0.789918,-0.315706,0.539623,0.710239,-0.16201,0.900218,0.710239,-0.16201,0.900218
0,RRT,1,0,0,1.00025,0.000359445,0.36,1.00025,0.000359445,0.36,0.783939,-0.314475,0.534615,0.783939,-0.314475,0.534615,0.702916,-0.163165,0.895919,0.702916,-0.163165,0.895919
0,RRT,1,0,0,1.00025,0.000355738,0.36,1.00025,0.000355738,0.36,0.777988,-0.313081,0.529577,0.777988,-0.313081,0.529577,0.695532,-0.164089,0.89152,0.695532,-0.164089,0.89152
0,RRT,1,0,0,1.00026,0.000351953,0.36,1.00026,0.000351953,0.36,0.772072,-0.311526,0.52451,0.772072,-0.311526,0.52451,0.688094,-0.164779,0.887019,0.688094,-0.164779,0.887019
0,RRT,1,0,0,1.00026,0.000348091,0.36,1.00026,0.000348091,0.36,0.766192,-0.30981,0.519414,0.766192,-0.30981,0.519414,0.680609,-0.165233,0.88242,0.680609,-0.165233,0.88242
0,RRT,1,0,0,1.00027,0.000344152,0.36,1.00027,0.000344152,0.36,0.760356,-0.307936,0.514291,0.760356,-0.307936,0.514291,0.673084,-0.165449,0.877721,0.673084,-0.165449,0.877721
0,RRT,1,0,0,1.00027,0.000340138,0.36,1.00027,0.000340138,0.36,0.754566,-0.305903,0.509141,0.754566,-0.305903,0.509141,0.665527,-0.165427,0.872925,0.665527,-0.165427,0.872925
0,RRT,1,0,0,1.00028,0.000336048,0.36,1.00028,0.000336048,0.36,0.748827,-0.303714,0.503966,0.748827,-0.303714,0.503966,0.657943,-0.165164,0.868032,0.657943,-0.165164,0.868032
0,RRT,1,0,0,1.00028,0.000331885,0.36,1.00028,0.000331885,0.36,0.743143,-0.301369,0.498765,0.743143,-0.301369,0.498765,0.65034,-0.164659,0.863043,0.65034,-0.164659,0.863043
0,RRT,1,0,0,1.00029,0.000327648,0.36,1.00029,0.000327648,0.36,0.73752,-0.298871,0.493541,0.73752,-0.298871,0.493541,0.642726,-0.163912,0.857959,0.642726,-0.163912,0.857959
0,RRT,1,0,0,1.00029,0.00032334,0.36,1.00029,0.00032334,0.36,0.73196,-0.296221,0.488293,0.73196,-0.296221,0.488293,0.635108,-0.162922,0.852781,0.635108,-0.162922,0.852781
0,RRT,1,0,0,1.0003,0.00031896,0.36,1.0003,0.00031896,0.36,0.726469,-0.293421,0.483024,0.726469,-0.293421,0.483024,0.627492,-0.161688,0.84751,0.627492,-0.161688,0.84751
0,RRT,1,0,0,1.0003,0.00031451,0.36,1.0003,0.00031451,0.36,0.72105,-0.290473,0.477733,0.72105,-0.290473,0.477733,0.619886,-0.160211,0.842147,0.619886,-0.160211,0.842147
0,RRT,1,0,0,1.00031,0.000309991,0.36,1.00031,0.000309991,0.36,0.715708,-0.287379,0.472421,0.715708,-0.287379,0.472421,0.612298,-0.158489,0.836693,0.612298,-0.158489,0.836693
0,RRT,1,0,0,1.00031,0.000305403,0.36,1.00031,0.000305403,0.36,0.710446,-0.284141,0.46709,0.710446,-0.284141,0.46709,0.604734,-0.156523,0.831149,0.604734,-0.156523,0.831149
0,RRT,1,0,0,1.00032,0.000300749,0.36,1.00032,0.000300749,0.36,0.705269,-0.280762,0.461741,0.705269,-0.280762,0.461741,0.597203,-0.154314,0.825517,0.597203,-0.154314,0.825517
0,RRT,1,0,0,1.00032,0.000296028,0.36,1.00032,0.000296028,0.36,0.700181,-0.277244,0.456374,0.700181,-0.277244,0.456374,0.58971,-0.151862,0.819797,0.58971,-0.151862,0.819797
0,RRT,1,0,0,1.00032,0.000291242,0.36,1.00032,0.000291242,0.36,0.695185,-0.273589,0.450991,0.695185,-0.273589,0.450991,0.582264,-0.149168,0.81399,0.582264,-0.149168,0.81399
0,RRT,1,0,0,1.00033,0.000286392,0.36,1.00033,0.000286392,0.36,0.690284,-0.2698,0.445591,0.690284,-0.2698,0.445591,0.574871,-0.146233,0.808098,0.574871,-0.146233,0.808098
0,RRT,1,0,0,1.00033,0.000281479,0.36,1.00033,0.000281479,0.36,0.685484,-0.26588,0.440177,0.685484,-0.26588,0.440177,0.56754,-0.143057,0.802122,0.56754,-0.143057,0.802122
0,RRT,1,0,0,1.00034,0.000276504,0.36,1.00034,0.000276504,0.36,0.680787,-0.261831,0.434749,0.680787,-0.261831,0.434749,0.560276,-0.139643,0.796062,0.560276,-0.139643,0.796062
0,RRT,1,0,0,1.00034,0.000271468,0.36,1.00034,0.000271468,0.36,0.676198,-0.257658,0.429309,0.676198,-0.257658,0.429309,0.553088,-0.135992,0.789921,0.553088,-0.135992,0.789921
0,RRT,1,0,0,1.00035,0.000266373,0.36,1.00035,0.000266373,0.36,0.671718,-0.253361,0.423856,0.671718,-0.253361,0.423856,0.545982,-0.132106,0.783699,0.545982,-0.132106,0.783699
0,RRT,1,0,0,1.00035,0.000261219,0.36,1.00035,0.000261219,0.36,0.667353,-0.248946,0.418392,0.667353,-0.248946,0.418392,0.538965,-0.127986,0.777398,0.538965,-0.127986,0.777398
0,RRT,1,0,0,1.00035,0.000256007,0.36,1.00035,0.000256007,0.36,0.663105,-0.244414,0.412918,0.663105,-0.244414,0.412918,0.532045,-0.123636,0.771018,0.532045,-0.123636,0.771018
0,RRT,1,0,0,1.00036,0.000250739,0.36,1.00036,0.000250739,0.36,0.658977,-0.239769,0.407435,0.658977,-0.239769,0.407435,0.525228,-0.119057,0.764562,0.525228,-0.119057,0.764562
0,RRT,1,0,0,1.00036,0.000245416,0.36,1.00036,0.000245416,0.36,0.654972,-0.235016,0.401943,0.654972,-0.235016,0.401943,0.518522,-0.114252,0.75803,0.518522,-0.114252,0.75803
0,RRT,1,0,0,1.00036,0.000240038,0.36,1.00036,0.000240038,0.36,0.651094,-0.230156,0.396445,0.651094,-0.230156,0.396445,0.511933,-0.109224,0.751423,0.511933,-0.109224,0.751423
0,RRT,1,0,0,1.00037,0.000234608,0.36,1.00037,0.000234608,0.36,0.647345,-0.225194,0.39094,0.647345,-0.225194,0.39094,0.505468,-0.103977,0.744744,0.505468,-0.103977,0.744744
0,RRT,1,0,0,1.00037,0.000229127,0.36,1.00037,0.000229127,0.36,0.643729,-0.220133,0.38543,0.643729,-0.220133,0.38543,0.499133,-0.0985123,0.737992,0.499133,-0.0985123,0.737992
0,RRT,1,0,0,1.00037,0.000223595,0.36,1.00037,0.000223595,0.36,0.640247,-0.214978,0.379915,0.640247,-0.214978,0.379915,0.492936,-0.0928346,0.731171,0.492936,-0.0928346,0.731171
0,RRT,1,0,0,1.00038,0.000218013,0.36,1.00038,0.000218013,0.36,0.636902,-0.209731,0.374397,0.636902,-0.209731,0.374397,0.486882,-0.0869472,0.72428,0.486882,-0.0869472,0.72428
0,RRT,1,0,0,1.00038,0.000212384,0.36,1.00038,0.000212384,0.36,0.633698,-0.204397,0.368876,0.633698,-0.204397,0.368876,0.480978,-0.080854,0.717321,0.480978,-0.080854,0.717321
0,RRT,1,0,0,1.00038,0.000206708,0.36,1.00038,0.000206708,0.36,0.630636,-0.19898,0.363354,0.630636,-0.19898,0.363354,0.475231,-0.074559,0.710296,0.475231,-0.074559,0.710296
0,RRT,1,0,0,1.00039,0.000200986,0.36,1.00039,0.000200986,0.36,0.627718,-0.193483,0.357832,0.627718,-0.193483,0.357832,0.469646,-0.0680664,0.703207,0.469646,-0.0680664,0.703207
0,RRT,1,0,0,1.00039,0.000195221,0.36,1.00039,0.000195221,0.36,0.624948,-0.187911,0.352309,0.624948,-0.187911,0.352309,0.464229,-0.0613806,0.696053,0.464229,-0.0613806,0.696053
0,RRT,1,0,0,1.00039,0.000189412,0.36,1.00039,0.000189412,0.36,0.622326,-0.182268,0.346789,0.622326,-0.182268,0.346789,0.458988,-0.0545061,0.688838,0.458988,-0.0545061,0.688838
0,RRT,1,0,0,1.0004,0.000183562,0.36,1.0004,0.000183562,0.36,0.619854,-0.176558,0.34127,0.619854,-0.176558,0.34127,0.453926,-0.0474477,0.681562,0.453926,-0.0474477,0.681562
0,RRT,1,0,0,1.0004,0.000177671,0.36,1.0004,0.000177671,0.36,0.617535,-0.170785,0.335754,0.617535,-0.170785,0.335754,0.449051,-0.0402102,0.674226,0.449051,-0.0402102,0.674226
0,RRT,1,0,0,1.0004,0.000171741,0.36,1.0004,0.000171741,0.36,0.615371,-0.164954,0.330243,0.615371,-0.164954,0.330243,0.444367,-0.0327988,0.666833,0.444367,-0.0327988,0.666833
0,RRT,1,0,0,1.0004,0.000165773,0.36,1.0004,0.000165773,0.36,0.613362,-0.159068,0.324737,0.613362,-0.159068,0.324737,0.43988,-0.0252186,0.659384,0.43988,-0.0252186,0.659384
0,RRT,1,0,0,1.00041,0.000159769,0.36,1.00041,0.000159769,0.36,0.61151,-0.153133,0.319237,0.61151,-0.153133,0.319237,0.435596,-0.0174751,0.65188,0.435596,-0.0174751,0.65188
0,RRT,1,0,0,1.00041,0.00015373,0.36,1.00041,0.00015373,0.36,0.609817,-0.147153,0.313744,0.609817,-0.147153,0.313744,0.431518,-0.00957389,0.644322,0.431518,-0.00957389,0.644322
0,RRT,1,0,0,1.00041,0.000147657,0.36,1.00041,0.000147657,0.36,0.608284,-0.141131,0.308259,0.608284,-0.141131,0.308259,0.427654,-0.00152059,0.636713,0.427654,-0.00152059,0.636713
0,RRT,1,0,0,1.00041,0.000141551,0.36,1.00041,0.000141551,0.36,0.606911,-0.135073,0.302783,0.606911,-0.135073,0.302783,0.424006,0.00667892,0.629053,0.424006,0.00667892,0.629053
0,RRT,1,0,0,1.00041,0.000135414,0.36,1.00041,0.000135414,0.36,0.6057,-0.128983,0.297317,0.6057,-0.128983,0.297317,0.42058,0.0150186,0.621345,0.42058,0.0150186,0.621345
0,RRT,1,0,0,1.00042,0.000129248,0.36,1.00042,0.000129248,0.36,0.604652,-0.122866,0.291862,0.604652,-0.122866,0.291862,0.41738,0.0234924,0.613589,0.41738,0.0234924,0.613589
0,RRT,1,0,0,1.00042,0.000123052,0.36,1.00042,0.000123052,0.36,0.603767,-0.116726,0.286419,0.603767,-0.116726,0.286419,0.414411,0.032094,0.605788,0.414411,0.032094,0.605788
0,RRT,1,0,0,1.00042,0.00011683,0.36,1.00042,0.00011683,0.36,0.603046,-0.110568,0.280988,0.603046,-0.110568,0.280988,0.411676,0.0408171,0.597942,0.411676,0.0408171,0.597942
0,RRT,1,0,0,1.00042,0.000110582,0.36,1.00042,0.000110582,0.36,0.602489,-0.104395,0.275571,0.602489,-0.104395,0.275571,0.40918,0.0496549,0.590055,0.40918,0.0496549,0.590055
0,RRT,1,0,0,1.00042,0.00010431,0.36,1.00042,0.00010431,0.36,0.602097,-0.0982141,0.270168,0.602097,-0.0982141,0.270168,0.406926,0.0586011,0.582126,0.406926,0.0586011,0.582126
0,RRT,1,0,0,1.00043,9.80152e-05,0.36,1.00043,9.80152e-05,0.36,0.60187,-0.0920283,0.264782,0.60187,-0.0920283,0.264782,0.404918,0.0676486,0.574157,0.404918,0.0676486,0.574157
0,RRT,1,0,0,1.00043,9.21617e-05,0.36,1.00043,9.21617e-05,0.36,0.601806,-0.0862953,0.259804,0.601806,-0.0862953,0.259804,0.40328,0.0761185,0.566739,0.40328,0.0761185,0.566739
0,RRT,1,0,0,1.00043,8.7195e-05,0.36,1.00043,8.7195e-05,0.36,0.601863,-0.081447,0.255603,0.601863,-0.081447,0.255603,0.402063,0.0833447,0.560437,0.402063,0.0833447,0.560437
0,RRT,1,0,0,1.00043,8.31225e-05,0.36,1.00043,8.31225e-05,0.36,0.601985,-0.0774838,0.252175,0.601985,-0.0774838,0.252175,0.401183,0.0892951,0.555265,0.401183,0.0892951,0.555265
0,RRT,1,0,0,1.00043,7.99498e-05,0.36,1.00043,7.99498e-05,0.36,0.602126,-0.0744042,0.249513,0.602126,-0.0744042,0.249513,0.400572,0.0939455,0.551232,0.400572,0.0939455,0.551232
0,RRT,1,0,0,1.00043,7.76808e-05,0.36,1.00043,7.76808e-05,0.36,0.602252,-0.0722065,0.247615,0.602252,-0.0722065,0.247615,0.400175,0.0972788,0.548347,0.400175,0.0972788,0.548347
0,RRT,1,0,0,1.00043,7.63183e-05,0.36,1.00043,7.63183e-05,0.36,0.602338,-0.0708887,0.246478,0.602338,-0.0708887,0.246478,0.399952,0.0992832,0.546613,0.399952,0.0992832,0.546613
0,RRT,1,0,0,1.00043,7.58639e-05,0.36,1.00043,7.58639e-05,0.36,0.602368,-0.0704495,0.246098,0.602368,-0.0704495,0.246098,0.399881,0.0999522,0.546035,0.399881,0.0999522,0.546035
0,RRT,1,0,0,1.00043,7.58639e-05,0.36,1.00043,7.58639e-05,0.36,0.602368,-0.0704495,0.246098,0.602368,-0.0704495,0.246098,0.399881,0.0999522,0.546035,0.399881,0.0999522,0.546035
0,CHOMP,1,0,0,0.999564,-3.811e-08,0.36,0.999564,-3.811e-08,0.36,0.702898,-2.59559e-05,0.657303,0.702898,-2.59559e-05,0.657303,0.375226,-5.37247e-05,0.427888,0.375226,-5.37247e-05,0.427888
0,CHOMP,1,0,0,0.999564,-4.81643e-07,0.36,0.999564,-4.81643e-07,0.36,0.703177,-0.000327724,0.657581,0.703177,-0.000327724,0.657581,0.375288,-0.000683392,0.428477,0.375288,-0.000683392,0.428477
0,CHOMP,1,0,0,0.999564,-1.81224e-06,0.36,0.999564,-1.81224e-06,0.36,0.704017,-0.00122962,0.658414,0.704017,-0.00122962,0.658414,0.37548,-0.00257163,0.430244,0.37548,-0.00257163,0.430244
0,CHOMP,1,0,0,0.999564,-4.02985e-06,0.36,0.999564,-4.02985e-06,0.36,0.705429,-0.00272133,0.659796,0.705429,-0.00272133,0.659796,0.375824,-0.00571598,0.433187,0.375824,-0.00571598,0.433187
0,CHOMP,1,0,0,0.999564,-7.13433e-06,0.36,0.999564,-7.13433e-06,0.36,0.707429,-0.00478548,0.66172,0.707429,-0.00478548,0.66172,0.376355,-0.0101119,0.437306,0.376355,-0.0101119,0.437306
0,CHOMP,1,0,0,0.999564,-1.11252e-05,0.36,0.999564,-1.11252e-05,0.36,0.710041,-0.00739726,0.664174,0.710041,-0.00739726,0.664174,0.377124,-0.0157521,0.442596,0.377124,-0.0157521,0.442596
0,CHOMP,1,0,0,0.999564,-1.60017e-05,0.36,0.999564,-1.60017e-05,0.36,0.713292,-0.0105241,0.667145,0.713292,-0.0105241,0.667145,0.378194,-0.0226254,0.449055,0.378194,-0.0226254,0.449055
0,CHOMP,1,0,0,0.999564,-2.17622e-05,0.36,0.999564,-2.17622e-05,0.36,0.717216,-0.0141248,0.670613,0.717216,-0.0141248,0.670613,0.379642,-0.0307158,0.456676,0.379642,-0.0307158,0.456676
0,CHOMP,1,0,0,0.999565,-2.81845e-05,0.36,0.999565,-2.81845e-05,0.36,0.721695,-0.0180187,0.674428,0.721695,-0.0180187,0.674428,0.381492,-0.0396943,0.465163,0.381492,-0.0396943,0.465163
0,CHOMP,1,0,0,0.999565,-3.46392e-05,0.36,0.999565,-3.46392e-05,0.36,0.726306,-0.0218017,0.678208,0.726306,-0.0218017,0.678208,0.3836,-0.0486693,0.473682,0.3836,-0.0486693,0.473682
0,CHOMP,1,0,0,0.999566,-4.10864e-05,0.36,0.999566,-4.10864e-05,0.36,0.731019,-0.0254471,0.681928,0.731019,-0.0254471,0.681928,0.385955,-0.0575795,0.482181,0.385955,-0.0575795,0.482181
0,CHOMP,1,0,0,0.999566,-4.75245e-05,0.36,0.999566,-4.75245e-05,0.36,0.735828,-0.0289521,0.685587,0.735828,-0.0289521,0.685587,0.388555,-0.0664178,0.490658,0.388555,-0.0664178,0.490658
0,CHOMP,1,0,0,0.999567,-5.39521e-05,0.36,0.999567,-5.39521e-05,0.36,0.740731,-0.032314,0.689186,0.740731,-0.032314,0.689186,0.391397,-0.0751774,0.499112,0.391397,-0.0751774,0.499112
0,CHOMP,1,0,0,0.999568,-6.03679e-05,0.36,0.999568,-6.03679e-05,0.36,0.745723,-0.0355301,0.692723,0.745723,-0.0355301,0.692723,0.394479,-0.0838512,0.50754,0.394479,-0.0838512,0.50754
0,CHOMP,1,0,0,0.999569,-6.67703e-05,0.36,0.999569,-6.67703e-05,0.36,0.750799,-0.0385981,0.696198,0.750799,-0.0385981,0.696198,0.397798,-0.0924324,0.515942,0.397798,-0.0924324,0.515942
0,CHOMP,1,0,0,0.99957,-7.31581e-05,0.36,0.99957,-7.31581e-05,0.36,0.755956,-0.0415156,0.69961,0.755956,-0.0415156,0.69961,0.401352,-0.100914,0.524315,0.401352,-0.100914,0.524315
0,CHOMP,1,0,0,0.999571,-7.95298e-05,0.36,0.999571,-7.95298e-05,0.36,0.761189,-0.0442802,0.702958,0.761189,-0.0442802,0.702958,0.405139,-0.10929,0.532658,0.405139,-0.10929,0.532658
0,CHOMP,1,0,0,0.999572,-8.5884e-05,0.36,0.999572,-8.5884e-05,0.36,0.766494,-0.04689,0.706243,0.766494,-0.04689,0.706243,0.409154,-0.117554,0.54097,0.409154,-0.117554,0.54097
0,CHOMP,1,0,0,0.999574,-9.22193e-05,0.36,0.999574,-9.22193e-05,0.36,0.771866,-0.049343,0.709462,0.771866,-0.049343,0.709462,0.413394,-0.125698,0.549249,0.413394,-0.125698,0.549249
0,CHOMP,1,0,0,0.999575,-9.85343e-05,0.36,0.999575,-9.85343e-05,0.36,0.777301,-0.0516373,0.712616,0.777301,-0.0516373,0.712616,0.417857,-0.133717,0.557493,0.417857,-0.133717,0.557493
0,CHOMP,1,0,0,0.999577,-0.000104828,0.36,0.999577,-0.000104828,0.36,0.782794,-0.0537711,0.715704,0.782794,-0.0537711,0.715704,0.422538,-0.141603,0.565701,0.422538,-0.141603,0.565701
0,CHOMP,1,0,0,0.999578,-0.000111098,0.36,0.999578,-0.000111098,0.36,0.788341,-0.055743,0.718726,0.788341,-0.055743,0.718726,0.427433,-0.149352,0.573871,0.427433,-0.149352,0.573871
0,CHOMP,1,0,0,0.99958,-0.000117344,0.36,0.99958,-0.000117344,0.36,0.793937,-0.0575514,0.72168,0.793937,-0.0575514,0.72168,0.432539,-0.156957,0.582001,0.432539,-0.156957,0.582001
0,CHOMP,1,0,0,0.999582,-0.000123564,0.36,0.999582,-0.000123564,0.36,0.799577,-0.059195,0.724567,0.799577,-0.059195,0.724567,0.437851,-0.164411,0.590091,0.437851,-0.164411,0.590091
0,CHOMP,1,0,0,0.999584,-0.000129756,0.36,0.999584,-0.000129756,0.36,0.805257,-0.0606727,0.727385,0.805257,-0.0606727,0.727385,0.443365,-0.17171,0.598138,0.443365,-0.17171,0.598138
0,CHOMP,1,0,0,0.999585,-0.000135921,0.36,0.999585,-0.000135921,0.36,0.810972,-0.0619833,0.730135,0.810972,-0.0619833,0.730135,0.449076,-0.178847,0.606142,0.449076,-0.178847,0.606142
0,CHOMP,1,0,0,0.999588,-0.000142055,0.36,0.999588,-0.000142055,0.36,0.816717,-0.0631259,0.732816,0.816717,-0.0631259,0.732816,0.45498,-0.185817,0.6141,0.45498,-0.185817,0.6141
0,CHOMP,1,0,0,0.99959,-0.000148158,0.36,0.99959,-0.000148158,0.36,0.822487,-0.0640999,0.735426,0.822487,-0.0640999,0.735426,0.461072,-0.192614,0.62201,0.461072,-0.192614,0.62201
0,CHOMP,1,0,0,0.999592,-0.000154228,0.36,0.999592,-0.000154228,0.36,0.828278,-0.0649044,0.737967,0.828278,-0.0649044,0.737967,0.467346,-0.199233,0.629873,0.467346,-0.199233,0.629873
0,CHOMP,1,0,0,0.999594,-0.000160265,0.36,0.999594,-0.000160265,0.36,0.834084,-0.0655391,0.740437,0.834084,-0.0655391,0.740437,0.473798,-0.205669,0.637685,0.473798,-0.205669,0.637685
0,CHOMP,1,0,0,0.999597,-0.000166266,0.36,0.999597,-0.000166266,0.36,0.839901,-0.0660035,0.742835,0.839901,-0.0660035,0.742835,0.480422,-0.211916,0.645446,0.480422,-0.211916,0.645446
0,CHOMP,1,0,0,0.999599,-0.000172231,0.36,0.999599,-0.000172231,0.36,0.845724,-0.0662975,0.745162,0.845724,-0.0662975,0.745162,0.487214,-0.217971,0.653154,0.487214,-0.217971,0.653154
0,CHOMP,1,0,0,0.999602,-0.000178157,0.36,0.999602,-0.000178157,0.36,0.851548,-0.0664209,0.747417,0.851548,-0.0664209,0.747417,0.494166,-0.223828,0.660807,0.494166,-0.223828,0.660807
0,CHOMP,1,0,0,0.999604,-0.000184045,0.36,0.999604,-0.000184045,0.36,0.857368,-0.0663737,0.7496,0.857368,-0.0663737,0.7496,0.501274,-0.229482,0.668405,0.501274,-0.229482,0.668405
0,CHOMP,1,0,0,0.999607,-0.000189892,0.36,0.999607,-0.000189892,0.36,0.863179,-0.0661562,0.751709,0.863179,-0.0661562,0.751709,0.508531,-0.23493,0.675945,0.508531,-0.23493,0.675945
0,CHOMP,1,0,0,0.99961,-0.000195697,0.36,0.99961,-0.000195697,0.36,0.868977,-0.0657687,0.753745,0.868977,-0.0657687,0.753745,0.515933,-0.240167,0.683426,0.515933,-0.240167,0.683426
0,CHOMP,1,0,0,0.999613,-0.000201459,0.36,0.999613,-0.000201459,0.36,0.874756,-0.0652116,0.755708,0.874756,-0.0652116,0.755708,0.523471,-0.245189,0.690848,0.523471,-0.245189,0.690848
0,CHOMP,1,0,0,0.999616,-0.000207177,0.36,0.999616,-0.000207177,0.36,0.880513,-0.0644855,0.757596,0.880513,-0.0644855,0.757596,0.531142,-0.249992,0.698207,0.531142,-0.249992,0.698207
0,CHOMP,1,0,0,0.999619,-0.000212849,0.36,0.999619,-0.000212849,0.36,0.886241,-0.0635913,0.75941,0.886241,-0.0635913,0.75941,0.538937,-0.254573,0.705504,0.538937,-0.254573,0.705504
0,CHOMP,1,0,0,0.999622,-0.000218475,0.36,0.999622,-0.000218475,0.36,0.891936,-0.0625297,0.76115,0.891936,-0.0625297,0.76115,0.546851,-0.258928,0.712736,0.546851,-0.258928,0.712736
0,CHOMP,1,0,0,0.999626,-0.000224052,0.36,0.999626,-0.000224052,0.36,0.897594,-0.0613018,0.762814,0.897594,-0.0613018,0.762814,0.554877,-0.263053,0.719902,0.554877,-0.263053,0.719902
0,CHOMP,1,0,0,0.999629,-0.00022958,0.36,0.999629,-0.00022958,0.36,0.903209,-0.0599086,0.764403,0.903209,-0.0599086,0.764403,0.563008,-0.266946,0.727001,0.563008,-0.266946,0.727001
0,CHOMP,1,0,0,0.999633,-0.000235057,0.36,0.999633,-0.000235057,0.36,0.908778,-0.0583516,0.765916,0.908778,-0.0583516,0.765916,0.571239,-0.270604,0.734032,0.571239,-0.270604,0.734032
0,CHOMP,1,0,0,0.999636,-0.000240483,0.36,0.999636,-0.000240483,0.36,0.914294,-0.0566321,0.767354,0.914294,-0.0566321,0.767354,0.579561,-0.274024,0.740993,0.579561,-0.274024,0.740993
0,CHOMP,1,0,0,0.99964,-0.000245856,0.36,0.99964,-0.000245856,0.36,0.919755,-0.0547517,0.768715,0.919755,-0.0547517,0.768715,0.587969,-0.277203,0.747883,0.587969,-0.277203,0.747883
0,CHOMP,1,0,0,0.999643,-0.000251175,0.36,0.999643,-0.000251175,0.36,0.925154,-0.0527119,0.769999,0.925154,-0.0527119,0.769999,0.596455,-0.280139,0.7547,0.596455,-0.280139,0.7547
0,CHOMP,1,0,0,0.999647,-0.000256438,0.36,0.999647,-0.000256438,0.36,0.930488,-0.0505148,0.771207,0.930488,-0.0505148,0.771207,0.605012,-0.282829,0.761443,0.605012,-0.282829,0.761443
0,CHOMP,1,0,0,0.999651,-0.000261645,0.36,0.999651,-0.000261645,0.36,0.935752,-0.0481621,0.772338,0.935752,-0.0481621,0.772338,0.613634,-0.285273,0.768112,0.613634,-0.285273,0.768112
0,CHOMP,1,0,0,0.999655,-0.000266795,0.36,0.999655,-0.000266795,0.36,0.940942,-0.0456559,0.773392,0.940942,-0.0456559,0.773392,0.622312,-0.287468,0.774703,0.622312,-0.287468,0.774703
0,CHOMP,1,0,0,0.999659,-0.000271885,0.36,0.999659,-0.000271885,0.36,0.946054,-0.0429985,0.774368,0.946054,-0.0429985,0.774368,0.631041,-0.289413,0.781218,0.631041,-0.289413,0.781218
0,CHOMP,1,0,0,0.999663,-0.000276916,0.36,0.999663,-0.000276916,0.36,0.951082,-0.040192,0.775267,0.951082,-0.040192,0.775267,0.639812,-0.291105,0.787653,0.639812,-0.291105,0.787653
0,CHOMP,1,0,0,0.999667,-0.000281886,0.36,0.999667,-0.000281886,0.36,0.956023,-0.0372391,0.776088,0.956023,-0.0372391,0.776088,0.648619,-0.292545,0.794009,0.648619,-0.292545,0.794009
0,CHOMP,1,0,0,0.999671,-0.000286794,0.36,0.999671,-0.000286794,0.36,0.960874,-0.0341422,0.776832,0.960874,-0.0341422,0.776832,0.657454,-0.293731,0.800283,0.657454,-0.293731,0.800283
0,CHOMP,1,0,0,0.999676,-0.000291639,0.36,0.999676,-0.000291639,0.36,0.965628,-0.0309039,0.777497,0.965628,-0.0309039,0.777497,0.66631,-0.294663,0.806474,0.66631,-0.294663,0.806474
0,CHOMP,1,0,0,0.99968,-0.000296419,0.36,0.99968,-0.000296419,0.36,0.970284,-0.0275271,0.778084,0.970284,-0.0275271,0.778084,0.67518,-0.29534,0.812582,0.67518,-0.29534,0.812582
0,CHOMP,1,0,0,0.999684,-0.000301135,0.36,0.999684,-0.000301135,0.36,0.974836,-0.0240147,0.778593,0.974836,-0.0240147,0.778593,0.684056,-0.295761,0.818605,0.684056,-0.295761,0.818605
0,CHOMP,1,0,0,0.999689,-0.000305784,0.36,0.999689,-0.000305784,0.36,0.979281,-0.0203697,0.779024,0.979281,-0.0203697,0.779024,0.692931,-0.295927,0.824542,0.692931,-0.295927,0.824542
0,CHOMP,1,0,0,0.999693,-0.000310366,0.36,0.999693,-0.000310366,0.36,0.983615,-0.0165951,0.779376,0.983615,-0.0165951,0.779376,0.701798,-0.295838,0.830392,0.701798,-0.295838,0.830392
0,CHOMP,1,0,0,0.999698,-0.000314879,0.36,0.999698,-0.000314879,0.36,0.987835,-0.0126942,0.77965,0.987835,-0.0126942,0.77965,0.710649,-0.295494,0.836153,0.710649,-0.295494,0.836153
0,CHOMP,1,0,0,0.999703,-0.000319323,0.36,0.999703,-0.000319323,0.36,0.991937,-0.00867036,0.779845,0.991937,-0.00867036,0.779845,0.719478,-0.294895,0.841825,0.719478,-0.294895,0.841825
0,CHOMP,1,0,0,0.999708,-0.000323697,0.36,0.999708,-0.000323697,0.36,0.995917,-0.00452694,0.779962,0.995917,-0.00452694,0.779962,0.728276,-0.294043,0.847407,0.728276,-0.294043,0.847407
0,CHOMP,1,0,0,0.999712,-0.000328,0.36,0.999712,-0.000328,0.36,0.999772,-0.000267481,0.78,0.999772,-0.000267481,0.78,0.737037,-0.292938,0.852897,0.737037,-0.292938,0.852897
0,CHOMP,1,0,0,0.999717,-0.00033223,0.36,0.999717,-0.00033223,0.36,1.0035,0.0041044,0.77996,1.0035,0.0041044,0.77996,0.745753,-0.291582,0.858295,0.745753,-0.291582,0.858295
0,CHOMP,1,0,0,0.999722,-0.000336388,0.36,0.999722,-0.000336388,0.36,1.0071,0.00858501,0.779841,1.0071,0.00858501,0.779841,0.754417,-0.289975,0.863599,0.754417,-0.289975,0.863599
0,CHOMP,1,0,0,0.999727,-0.000340471,0.36,0.999727,-0.000340471,0.36,1.01056,0.0131705,0.779643,1.01056,0.0131705,0.779643,0.763023,-0.28812,0.868808,0.763023,-0.28812,0.868808
0,CHOMP,1,0,0,0.999732,-0.000344479,0.36,0.999732,-0.000344479,0.36,1.01388,0.0178571,0.779367,1.01388,0.0178571,0.779367,0.771562,-0.286019,0.873922,0.771562,-0.286019,0.873922
0,CHOMP,1,0,0,0.999737,-0.000348412,0.36,0.999737,-0.000348412,0.36,1.01707,0.0226408,0.779012,1.01707,0.0226408,0.779012,0.780028,-0.283672,0.878939,0.780028,-0.283672,0.878939
0,CHOMP,1,0,0,0.999743,-0.000352268,0.36,0.999743,-0.000352268,0.36,1.02011,0.0275175,0.778579,1.02011,0.0275175,0.778579,0.788413,-0.281083,0.883858,0.788413,-0.281083,0.883858
0,CHOMP,1,0,0,0.999748,-0.000356046,0.36,0.999748,-0.000356046,0.36,1.023,0.0324832,0.778068,1.023,0.0324832,0.778068,0.796712,-0.278254,0.888679,0.796712,-0.278254,0.888679
0,CHOMP,1,0,0,0.999753,-0.000359746,0.36,0.999753,-0.000359746,0.36,1.02575,0.0375336,0.777479,1.02575,0.0375336,0.777479,0.804917,-0.275187,0.8934,0.804917,-0.275187,0.8934
0,CHOMP,1,0,0,0.999759,-0.000363367,0.36,0.999759,-0.000363367,0.36,1.02835,0.0426644,0.776811,1.02835,0.0426644,0.776811,0.81302,-0.271885,0.898022,0.81302,-0.271885,0.898022
0,CHOMP,1,0,0,0.999764,-0.000366908,0.36,0.999764,-0.000366908,0.36,1.0308,0.0478715,0.776065,1.0308,0.0478715,0.776065,0.821017,-0.268351,0.902541,0.821017,-0.268351,0.902541
0,CHOMP,1,0,0,0.999769,-0.000370368,0.36,0.999769,-0.000370368,0.36,1.03309,0.0531503,0.775242,1.03309,0.0531503,0.775242,0.828899,-0.264589,0.906959,0.828899,-0.264589,0.906959
0,CHOMP,1,0,0,0.999775,-0.000373747,0.36,0.999775,-0.000373747,0.36,1.03522,0.0584965,0.774341,1.03522,0.0584965,0.774341,0.836661,-0.260601,0.911274,0.836661,-0.260601,0.911274
0,CHOMP,1,0,0,0.999781,-0.000377043,0.36,0.999781,-0.000377043,0.36,1.0372,0.0639054,0.773362,1.0372,0.0639054,0.773362,0.844295,-0.256392,0.915485,0.844295,-0.256392,0.915485
0,CHOMP,1,0,0,0.999786,-0.000380257,0.36,0.999786,-0.000380257,0.36,1.03901,0.0693727,0.772306,1.03901,0.0693727,0.772306,0.851797,-0.251964,0.919591,0.851797,-0.251964,0.919591
0,CHOMP,1,0,0,0.999792,-0.000383387,0.36,0.999792,-0.000383387,0.36,1.04067,0.0748937,0.771173,1.04067,0.0748937,0.771173,0.859159,-0.247323,0.923592,0.859159,-0.247323,0.923592
0,CHOMP,1,0,0,0.999798,-0.000386432,0.36,0.999798,-0.000386432,0.36,1.04216,0.0804637,0.769962,1.04216,0.0804637,0.769962,0.866375,-0.242471,0.927486,0.866375,-0.242471,0.927486
0,CHOMP,1,0,0,0.999803,-0.000389392,0.36,0.999803,-0.000389392,0.36,1.04348,0.0860781,0.768676,1.04348,0.0860781,0.768676,0.873439,-0.237414,0.931274,0.873439,-0.237414,0.931274
0,CHOMP,1,0,0,0.999809,-0.000392267,0.36,0.999809,-0.000392267,0.36,1.04464,0.0917321,0.767312,1.04464,0.0917321,0.767312,0.880346,-0.232155,0.934954,0.880346,-0.232155,0.934954
0,CHOMP,1,0,0,0.999815,-0.000395055,0.36,0.999815,-0.000395055,0.36,1.04564,0.0974211,0.765873,1.04564,0.0974211,0.765873,0.88709,-0.226699,0.938526,0.88709,-0.226699,0.938526
0,CHOMP,1,0,0,0.999821,-0.000397757,0.36,0.999821,-0.000397757,0.36,1.04646,0.10314,0.764357,1.04646,0.10314,0.764357,0.893665,-0.221051,0.941988,0.893665,-0.221051,0.941988
0,CHOMP,1,0,0,0.999827,-0.000400371,0.36,0.999827,-0.000400371,0.36,1.04712,0.108885,0.762766,1.04712,0.108885,0.762766,0.900066,-0.215217,0.945341,0.900066,-0.215217,0.945341
0,CHOMP,1,0,0,0.999833,-0.000402896,0.36,0.999833,-0.000402896,0.36,1.04761,0.114649,0.761099,1.04761,0.114649,0.761099,0.906287,-0.2092,0.948584,0.906287,-0.2092,0.948584
0,CHOMP,1,0,0,0.999839,-0.000405333,0.36,0.999839,-0.000405333,0.36,1.04793,0.12043,0.759358,1.04793,0.12043,0.759358,0.912323,-0.203006,0.951715,0.912323,-0.203006,0.951715
0,CHOMP,1,0,0,0.999845,-0.000407681,0.36,0.999845,-0.000407681,0.36,1.04807,0.126221,0.757542,1.04807,0.126221,0.757542,0.91817,-0.196641,0.954735,0.91817,-0.196641,0.954735
0,CHOMP,1,0,0,0.999851,-0.000409939,0.36,0.999851,-0.000409939,0.36,1.04805,0.132019,0.755651,1.04805,0.132019,0.755651,0.923822,-0.19011,0.957642,0.923822,-0.19011,0.957642
0,CHOMP,1,0,0,0.999857,-0.000412107,0.36,0.999857,-0.000412107,0.36,1.04786,0.137817,0.753686,1.04786,0.137817,0.753686,0.929274,-0.183418,0.960437,0.929274,-0.183418,0.960437
0,CHOMP,1,0,0,0.999863,-0.000414184,0.36,0.999863,-0.000414184,0.36,1.04749,0.143612,0.751648,1.04749,0.143612,0.751648,0.934523,-0.176572,0.963118,0.934523,-0.176572,0.963118
0,CHOMP,1,0,0,0.999869,-0.000416171,0.36,0.999869,-0.000416171,0.36,1.04696,0.149398,0.749536,1.04696,0.149398,0.749536,0.939564,-0.169577,0.965686,0.939564,-0.169577,0.965686
0,CHOMP,1,0,0,0.999875,-0.000418065,0.36,0.999875,-0.000418065,0.36,1.04626,0.15517,0.747352,1.04626,0.15517,0.747352,0.944392,-0.16244,0.968139,0.944392,-0.16244,0.968139
0,CHOMP,1,0,0,0.999882,-0.000419867,0.36,0.999882,-0.000419867,0.36,1.04538,0.160924,0.745095,1.04538,0.160924,0.745095,0.949004,-0.155167,0.970477,0.949004,-0.155167,0.970477
0,CHOMP,1,0,0,0.999888,-0.000421578,0.36,0.999888,-0.000421578,0.36,1.04434,0.166655,0.742765,1.04434,0.166655,0.742765,0.953395,-0.147763,0.9727,0.953395,-0.147763,0.9727
0,CHOMP,1,0,0,0.999894,-0.000423195,0.36,0.999894,-0.000423195,0.36,1.04313,0.172358,0.740365,1.04313,0.172358,0.740365,0.957563,-0.140235,0.974808,0.957563,-0.140235,0.974808
0,CHOMP,1,0,0,0.9999,-0.000424719,0.36,0.9999,-0.000424719,0.36,1.04175,0.178028,0.737893,1.04175,0.178028,0.737893,0.961503,-0.13259,0.976799,0.961503,-0.13259,0.976799
0,CHOMP,1,0,0,0.999907,-0.00042615,0.36,0.999907,-0.00042615,0.36,1.04021,0.183661,0.73535,1.04021,0.183661,0.73535,0.965212,-0.124834,0.978673,0.965212,-0.124834,0.978673
0,CHOMP,1,0,0,0.999913,-0.000427487,0.36,0.999913,-0.000427487,0.36,1.0385,0.189251,0.732737,1.0385,0.189251,0.732737,0.968687,-0.116974,0.980431,0.968687,-0.116974,0.980431
0,CHOMP,1,0,0,0.999919,-0.000428729,0.36,0.999919,-0.000428729,0.36,1.03663,0.194794,0.730055,1.03663,0.194794,0.730055,0.971926,-0.109017,0.982071,0.971926,-0.109017,0.982071
0,CHOMP,1,0,0,0.999926,-0.000429878,0.36,0.999926,-0.000429878,0.36,1.03459,0.200286,0.727303,1.03459,0.200286,0.727303,0.974925,-0.100969,0.983594,0.974925,-0.100969,0.983594
0,CHOMP,1,0,0,0.999932,-0.000430932,0.36,0.999932,-0.000430932,0.36,1.0324,0.205721,0.724482,1.0324,0.205721,0.724482,0.977682,-0.0928376,0.984999,0.977682,-0.0928376,0.984999
0,CHOMP,1,0,0,0.999939,-0.000431891,0.36,0.999939,-0.000431891,0.36,1.03004,0.211096,0.721594,1.03004,0.211096,0.721594,0.980195,-0.0846296,0.986286,0.980195,-0.0846296,0.986286
0,CHOMP,1,0,0,0.999945,-0.000432755,0.36,0.999945,-0.000432755,0.36,1.02753,0.216405,0.718637,1.02753,0.216405,0.718637,0.982461,-0.076352,0.987454,0.982461,-0.076352,0.987454
0,CHOMP,1,0,0,0.999951,-0.000433524,0.36,0.999951,-0.000433524,0.36,1.02486,0.221644,0.715614,1.02486,0.221644,0.715614,0.984479,-0.0680118,0.988503,0.984479,-0.0680118,0.988503
0,CHOMP,1,0,0,0.999958,-0.000434197,0.36,0.999958,-0.000434197,0.36,1.02204,0.226809,0.712524,1.02204,0.226809,0.712524,0.986247,-0.0596164,0.989434,0.986247,-0.0596164,0.989434
0,CHOMP,1,0,0,0.999964,-0.000434775,0.36,0.999964,-0.000434775,0.36,1.01906,0.231896,0.709368,1.01906,0.231896,0.709368,0.987763,-0.0511728,0.990246,0.987763,-0.0511728,0.990246
0,CHOMP,1,0,0,0.999971,-0.000435257,0.36,0.999971,-0.000435257,0.36,1.01594,0.2369,0.706146,1.01594,0.2369,0.706146,0.989026,-0.0426884,0.990938,0.989026,-0.0426884,0.990938
0,CHOMP,1,0,0,0.999977,-0.000435643,0.36,0.999977,-0.000435643,0.36,1.01267,0.241816,0.70286,1.01267,0.241816,0.70286,0.990035,-0.0341703,0.991511,0.990035,-0.0341703,0.991511
0,CHOMP,1,0,0,0.999984,-0.000435934,0.36,0.999984,-0.000435934,0.36,1.00926,0.246641,0.69951,1.00926,0.246641,0.69951,0.99079,-0.025626,0.991964,0.99079,-0.025626,0.991964
0,CHOMP,1,0,0,0.99999,-0.000436128,0.36,0.99999,-0.000436128,0.36,1.0057,0.251371,0.696096,1.0057,0.251371,0.696096,0.991288,-0.0170627,0.992298,0.991288,-0.0170627,0.992298
0,CHOMP,1,0,0,0.999997,-0.000436227,0.36,0.999997,-0.000436227,0.36,1.00201,0.256002,0.692619,1.00201,0.256002,0.692619,0.991531,-0.00848779,0.992512,0.991531,-0.00848779,0.992512
0,CHOMP,1,0,0,1,-0.000436229,0.36,1,-0.000436229,0.36,0.998179,0.260529,0.68908,0.998179,0.260529,0.68908,0.991517,9.13515e-05,0.992606,0.991517,9.13515e-05,0.992606
0,CHOMP,1,0,0,1.00001,-0.000436136,0.36,1.00001,-0.000436136,0.36,0.994216,0.264949,0.68548,0.994216,0.264949,0.68548,0.991247,0.00866737,0.99258,0.991247,0.00866737,0.99258
0,CHOMP,1,0,0,1.00002,-0.000435946,0.36,1.00002,-0.000435946,0.36,0.990124,0.269259,0.681818,0.990124,0.269259,0.681818,0.99072,0.0172329,0.992435,0.99072,0.0172329,0.992435
0,CHOMP,1,0,0,1.00002,-0.000435661,0.36,1.00002,-0.000435661,0.36,0.985906,0.273454,0.678097,0.985906,0.273454,0.678097,0.989938,0.0257806,0.99217,0.989938,0.0257806,0.99217
0,CHOMP,1,0,0,1.00003,-0.00043528,0.36,1.00003,-0.00043528,0.36,0.981564,0.27753,0.674316,0.981564,0.27753,0.674316,0.988901,0.0343031,0.991785,0.988901,0.0343031,0.991785
0,CHOMP,1,0,0,1.00004,-0.000434803,0.36,1.00004,-0.000434803,0.36,0.977102,0.281486,0.670476,0.977102,0.281486,0.670476,0.987609,0.042793,0.99128,0.987609,0.042793,0.99128
0,CHOMP,1,0,0,1.00004,-0.00043423,0.36,1.00004,-0.00043423,0.36,0.972525,0.285316,0.666577,0.972525,0.285316,0.666577,0.986063,0.0512431,0.990656,0.986063,0.0512431,0.990656
0,CHOMP,1,0,0,1.00005,-0.000433562,0.36,1.00005,-0.000433562,0.36,0.967834,0.289018,0.662622,0.967834,0.289018,0.662622,0.984266,0.0596461,0.989912,0.984266,0.0596461,0.989912
0,CHOMP,1,0,0,1.00005,-0.000432798,0.36,1.00005,-0.000432798,0.36,0.963035,0.292589,0.65861,0.963035,0.292589,0.65861,0.982217,0.0679948,0.989048,0.982217,0.0679948,0.989048
0,CHOMP,1,0,0,1.00006,-0.000431939,0.36,1.00006,-0.000431939,0.36,0.95813,0.296025,0.654542,0.95813,0.296025,0.654542,0.979919,0.076282,0.988066,0.979919,0.076282,0.988066
0,CHOMP,1,0,0,1.00007,-0.000430985,0.36,1.00007,-0.000430985,0.36,0.953125,0.299325,0.650419,0.953125,0.299325,0.650419,0.977374,0.0845004,0.986964,0.977374,0.0845004,0.986964
0,CHOMP,1,0,0,1.00007,-0.000429936,0.36,1.00007,-0.000429936,0.36,0.948021,0.302483,0.646242,0.948021,0.302483,0.646242,0.974584,0.0926431,0.985743,0.974584,0.0926431,0.985743
0,CHOMP,1,0,0,1.00008,-0.000428792,0.36,1.00008,-0.000428792,0.36,0.942825,0.305499,0.642011,0.942825,0.305499,0.642011,0.97155,0.100703,0.984404,0.97155,0.100703,0.984404
0,CHOMP,1,0,0,1.00009,-0.000427555,0.36,1.00009,-0.000427555,0.36,0.937539,0.30837,0.637727,0.937539,0.30837,0.637727,0.968276,0.108673,0.982946,0.968276,0.108673,0.982946
0,CHOMP,1,0,0,1.00009,-0.000426223,0.36,1.00009,-0.000426223,0.36,0.932169,0.311092,0.633391,0.932169,0.311092,0.633391,0.964764,0.116547,0.98137,0.964764,0.116547,0.98137
0,CHOMP,1,0,0,1.0001,-0.000424797,0.36,1.0001,-0.000424797,0.36,0.926717,0.313664,0.629004,0.926717,0.313664,0.629004,0.961017,0.124317,0.979677,0.961017,0.124317,0.979677
0,CHOMP,1,0,0,1.00011,-0.000423278,0.36,1.00011,-0.000423278,0.36,0.921189,0.316084,0.624567,0.921189,0.316084,0.624567,0.957037,0.131977,0.977865,0.957037,0.131977,0.977865
0,CHOMP,1,0,0,1.00011,-0.000421665,0.36,1.00011,-0.000421665,0.36,0.915589,0.318348,0.62008,0.915589,0.318348,0.62008,0.952829,0.13952,0.975936,0.952829,0.13952,0.975936
0,CHOMP,1,0,0,1.00012,-0.00041996,0.36,1.00012,-0.00041996,0.36,0.909922,0.320456,0.615545,0.909922,0.320456,0.615545,0.948395,0.146939,0.973891,0.948395,0.146939,0.973891
0,CHOMP,1,0,0,1.00012,-0.000418162,0.36,1.00012,-0.000418162,0.36,0.904191,0.322405,0.610962,0.904191,0.322405,0.610962,0.943739,0.154229,0.971728,0.943739,0.154229,0.971728
0,CHOMP,1,0,0,1.00013,-0.000416273,0.36,1.00013,-0.000416273,0.36,0.898401,0.324194,0.606332,0.898401,0.324194,0.606332,0.938866,0.161382,0.96945,0.938866,0.161382,0.96945
0,CHOMP,1,0,0,1.00014,-0.000414291,0.36,1.00014,-0.000414291,0.36,0.892558,0.325821,0.601655,0.892558,0.325821,0.601655,0.933778,0.168394,0.967056,0.933778,0.168394,0.967056
0,CHOMP,1,0,0,1.00014,-0.000412219,0.36,1.00014,-0.000412219,0.36,0.886665,0.327285,0.596934,0.886665,0.327285,0.596934,0.92848,0.175256,0.964546,0.92848,0.175256,0.964546
0,CHOMP,1,0,0,1.00015,-0.000410056,0.36,1.00015,-0.000410056,0.36,0.880728,0.328583,0.592168,0.880728,0.328583,0.592168,0.922976,0.181964,0.961922,0.922976,0.181964,0.961922
0,CHOMP,1,0,0,1.00015,-0.000407802,0.36,1.00015,-0.000407802,0.36,0.874751,0.329716,0.587359,0.874751,0.329716,0.587359,0.917271,0.188512,0.959183,0.917271,0.188512,0.959183
0,CHOMP,1,0,0,1.00016,-0.000405459,0.36,1.00016,-0.000405459,0.36,0.868738,0.330682,0.582507,0.868738,0.330682,0.582507,0.911369,0.194894,0.956331,0.911369,0.194894,0.956331
0,CHOMP,1,0,0,1.00017,-0.000403027,0.36,1.00017,-0.000403027,0.36,0.862695,0.331479,0.577614,0.862695,0.331479,0.577614,0.905276,0.201103,0.953365,0.905276,0.201103,0.953365
0,CHOMP,1,0,0,1.00017,-0.000400506,0.36,1.00017,-0.000400506,0.36,0.856626,0.332108,0.57268,0.856626,0.332108,0.57268,0.898996,0.207136,0.950286,0.898996,0.207136,0.950286
0,CHOMP,1,0,0,1.00018,-0.000397897,0.36,1.00018,-0.000397897,0.36,0.850537,0.332567,0.567706,0.850537,0.332567,0.567706,0.892535,0.212986,0.947095,0.892535,0.212986,0.947095
0,CHOMP,1,0,0,1.00018,-0.0003952,0.36,1.00018,-0.0003952,0.36,0.844431,0.332856,0.562693,0.844431,0.332856,0.562693,0.885897,0.218648,0.943793,0.885897,0.218648,0.943793
0,CHOMP,1,0,0,1.00019,-0.000392416,0.36,1.00019,-0.000392416,0.36,0.838315,0.332975,0.557642,0.838315,0.332975,0.557642,0.879088,0.224118,0.940379,0.879088,0.224118,0.940379
0,CHOMP,1,0,0,1.0002,-0.000389546,0.36,1.0002,-0.000389546,0.36,0.832192,0.332923,0.552555,0.832192,0.332923,0.552555,0.872114,0.22939,0.936855,0.872114,0.22939,0.936855
0,CHOMP,1,0,0,1.0002,-0.00038659,0.36,1.0002,-0.00038659,0.36,0.826067,0.3327,0.547431,0.826067,0.3327,0.547431,0.86498,0.234459,0.933222,0.86498,0.234459,0.933222
0,CHOMP,1,0,0,1.00021,-0.000383549,0.36,1.00021,-0.000383549,0.36,0.819946,0.332307,0.542272,0.819946,0.332307,0.542272,0.857692,0.239322,0.929479,0.857692,0.239322,0.929479
0,CHOMP,1,0,0,1.00021,-0.000380424,0.36,1.00021,-0.000380424,0.36,0.813834,0.331743,0.537079,0.813834,0.331743,0.537079,0.850257,0.243973,0.925628,0.850257,0.243973,0.925628
0,CHOMP,1,0,0,1.00022,-0.000377215,0.36,1.00022,-0.000377215,0.36,0.807734,0.331008,0.531853,0.807734,0.331008,0.531853,0.842679,0.248409,0.921669,0.842679,0.248409,0.921669
0,CHOMP,1,0,0,1.00022,-0.000373923,0.36,1.00022,-0.000373923,0.36,0.801653,0.330104,0.526595,0.801653,0.330104,0.526595,0.834967,0.252626,0.917603,0.834967,0.252626,0.917603
0,CHOMP,1,0,0,1.00023,-0.000370549,0.36,1.00023,-0.000370549,0.36,0.795594,0.32903,0.521306,0.795594,0.32903,0.521306,0.827125,0.256619,0.913431,0.827125,0.256619,0.913431
0,CHOMP,1,0,0,1.00024,-0.000367093,0.36,1.00024,-0.000367093,0.36,0.789563,0.327788,0.515986,0.789563,0.327788,0.515986,0.81916,0.260385,0.909154,0.81916,0.260385,0.909154
0,CHOMP,1,0,0,1.00024,-0.000363556,0.36,1.00024,-0.000363556,0.36,0.783565,0.326378,0.510637,0.783565,0.326378,0.510637,0.811079,0.263921,0.904772,0.811079,0.263921,0.904772
0,CHOMP,1,0,0,1.00025,-0.000359939,0.36,1.00025,-0.000359939,0.36,0.777604,0.324801,0.505261,0.777604,0.324801,0.505261,0.802889,0.267223,0.900286,0.802889,0.267223,0.900286
0,CHOMP,1,0,0,1.00025,-0.000356243,0.36,1.00025,-0.000356243,0.36,0.771685,0.323059,0.499856,0.771685,0.323059,0.499856,0.794596,0.270288,0.895698,0.794596,0.270288,0.895698
0,CHOMP,1,0,0,1.00026,-0.000352469,0.36,1.00026,-0.000352469,0.36,0.765812,0.321152,0.494426,0.765812,0.321152,0.494426,0.786206,0.273113,0.891007,0.786206,0.273113,0.891007
0,CHOMP,1,0,0,1.00026,-0.000348617,0.36,1.00026,-0.000348617,0.36,0.759991,0.319083,0.488971,0.759991,0.319083,0.488971,0.777728,0.275696,0.886215,0.777728,0.275696,0.886215
0,CHOMP,1,0,0,1.00027,-0.000344689,0.36,1.00027,-0.000344689,0.36,0.754225,0.316852,0.483491,0.754225,0.316852,0.483491,0.769167,0.278034,0.881323,0.769167,0.278034,0.881323
0,CHOMP,1,0,0,1.00027,-0.000340684,0.36,1.00027,-0.000340684,0.36,0.748521,0.314461,0.477989,0.748521,0.314461,0.477989,0.760532,0.280125,0.876331,0.760532,0.280125,0.876331
0,CHOMP,1,0,0,1.00028,-0.000336605,0.36,1.00028,-0.000336605,0.36,0.742881,0.311912,0.472464,0.742881,0.311912,0.472464,0.751828,0.281966,0.871241,0.751828,0.281966,0.871241
0,CHOMP,1,0,0,1.00028,-0.000332451,0.36,1.00028,-0.000332451,0.36,0.737311,0.309207,0.466918,0.737311,0.309207,0.466918,0.743064,0.283556,0.866053,0.743064,0.283556,0.866053
0,CHOMP,1,0,0,1.00029,-0.000328225,0.36,1.00029,-0.000328225,0.36,0.731814,0.306348,0.461352,0.731814,0.306348,0.461352,0.734246,0.284893,0.860769,0.734246,0.284893,0.860769
0,CHOMP,1,0,0,1.00029,-0.000323926,0.36,1.00029,-0.000323926,0.36,0.726396,0.303337,0.455767,0.726396,0.303337,0.455767,0.725381,0.285976,0.855389,0.725381,0.285976,0.855389
0,CHOMP,1,0,0,1.0003,-0.000319556,0.36,1.0003,-0.000319556,0.36,0.721061,0.300176,0.450165,0.721061,0.300176,0.450165,0.716478,0.286802,0.849915,0.716478,0.286802,0.849915
0,CHOMP,1,0,0,1.0003,-0.000315115,0.36,1.0003,-0.000315115,0.36,0.715812,0.296869,0.444545,0.715812,0.296869,0.444545,0.707543,0.287372,0.844347,0.707543,0.287372,0.844347
0,CHOMP,1,0,0,1.00031,-0.000310605,0.36,1.00031,-0.000310605,0.36,0.710655,0.293416,0.43891,0.710655,0.293416,0.43891,0.698583,0.287684,0.838687,0.698583,0.287684,0.838687
0,CHOMP,1,0,0,1.00031,-0.000306027,0.36,1.00031,-0.000306027,0.36,0.705592,0.289822,0.43326,0.705592,0.289822,0.43326,0.689607,0.287738,0.832935,0.689607,0.287738,0.832935
0,CHOMP,1,0,0,1.00032,-0.000301381,0.36,1.00032,-0.000301381,0.36,0.700629,0.286088,0.427596,0.700629,0.286088,0.427596,0.680621,0.287532,0.827093,0.680621,0.287532,0.827093
0,CHOMP,1,0,0,1.00032,-0.00029667,0.36,1.00032,-0.00029667,0.36,0.695769,0.282218,0.421919,0.695769,0.282218,0.421919,0.671633,0.287068,0.821161,0.671633,0.287068,0.821161
0,CHOMP,1,0,0,1.00032,-0.000291892,0.36,1.00032,-0.000291892,0.36,0.691015,0.278215,0.416231,0.691015,0.278215,0.416231,0.66265,0.286345,0.815142,0.66265,0.286345,0.815142
0,CHOMP,1,0,0,1.00033,-0.000287051,0.36,1.00033,-0.000287051,0.36,0.686372,0.274081,0.410533,0.686372,0.274081,0.410533,0.653681,0.285363,0.809035,0.653681,0.285363,0.809035
0,CHOMP,1,0,0,1.00033,-0.000282146,0.36,1.00033,-0.000282146,0.36,0.681843,0.26982,0.404825,0.681843,0.26982,0.404825,0.644731,0.284122,0.802843,0.644731,0.284122,0.802843
0,CHOMP,1,0,0,1.00034,-0.00027718,0.36,1.00034,-0.00027718,0.36,0.677432,0.265436,0.399108,0.677432,0.265436,0.399108,0.635809,0.282623,0.796565,0.635809,0.282623,0.796565
0,CHOMP,1,0,0,1.00034,-0.000272152,0.36,1.00034,-0.000272152,0.36,0.673143,0.260931,0.393385,0.673143,0.260931,0.393385,0.626922,0.280868,0.790205,0.626922,0.280868,0.790205
0,CHOMP,1,0,0,1.00034,-0.000267064,0.36,1.00034,-0.000267064,0.36,0.668978,0.256309,0.387655,0.668978,0.256309,0.387655,0.618077,0.278856,0.783762,0.618077,0.278856,0.783762
0,CHOMP,1,0,0,1.00035,-0.000261918,0.36,1.00035,-0.000261918,0.36,0.664941,0.251574,0.381919,0.664941,0.251574,0.381919,0.609282,0.27659,0.777237,0.609282,0.27659,0.777237
0,CHOMP,1,0,0,1.00035,-0.000256714,0.36,1.00035,-0.000256714,0.36,0.661035,0.246729,0.37618,0.661035,0.246729,0.37618,0.600544,0.274071,0.770633,0.600544,0.274071,0.770633
0,CHOMP,1,0,0,1.00036,-0.000251454,0.36,1.00036,-0.000251454,0.36,0.657264,0.241779,0.370438,0.657264,0.241779,0.370438,0.59187,0.2713,0.763951,0.59187,0.2713,0.763951
0,CHOMP,1,0,0,1.00036,-0.000246138,0.36,1.00036,-0.000246138,0.36,0.65363,0.236726,0.364694,0.65363,0.236726,0.364694,0.583268,0.268279,0.75719,0.583268,0.268279,0.75719
0,CHOMP,1,0,0,1.00036,-0.000240768,0.36,1.00036,-0.000240768,0.36,0.650135,0.231576,0.358949,0.650135,0.231576,0.358949,0.574744,0.26501,0.750354,0.574744,0.26501,0.750354
0,CHOMP,1,0,0,1.00037,-0.000235345,0.36,1.00037,-0.000235345,0.36,0.646784,0.226332,0.353204,0.646784,0.226332,0.353204,0.566306,0.261496,0.743443,0.566306,0.261496,0.743443
0,CHOMP,1,0,0,1.00037,-0.00022987,0.36,1.00037,-0.00022987,0.36,0.643577,0.220997,0.34746,0.643577,0.220997,0.34746,0.55796,0.25774,0.736458,0.55796,0.25774,0.736458
0,CHOMP,1,0,0,1.00037,-0.000224345,0.36,1.00037,-0.000224345,0.36,0.640519,0.215577,0.341719,0.640519,0.215577,0.341719,0.549714,0.253743,0.729401,0.549714,0.253743,0.729401
0,CHOMP,1,0,0,1.00038,-0.00021877,0.36,1.00038,-0.00021877,0.36,0.637611,0.210076,0.335981,0.637611,0.210076,0.335981,0.541574,0.249509,0.722273,0.541574,0.249509,0.722273
0,CHOMP,1,0,0,1.00038,-0.000213147,0.36,1.00038,-0.000213147,0.36,0.634856,0.204497,0.330247,0.634856,0.204497,0.330247,0.533548,0.245041,0.715076,0.533548,0.245041,0.715076
0,CHOMP,1,0,0,1.00038,-0.000207477,0.36,1.00038,-0.000207477,0.36,0.632255,0.198846,0.324519,0.632255,0.198846,0.324519,0.525642,0.240341,0.70781,0.525642,0.240341,0.70781
0,CHOMP,1,0,0,1.00039,-0.000201762,0.36,1.00039,-0.000201762,0.36,0.62981,0.193126,0.318798,0.62981,0.193126,0.318798,0.517862,0.235415,0.700478,0.517862,0.235415,0.700478
0,CHOMP,1,0,0,1.00039,-0.000196002,0.36,1.00039,-0.000196002,0.36,0.627525,0.187343,0.313085,0.627525,0.187343,0.313085,0.510215,0.230264,0.69308,0.510215,0.230264,0.69308
0,CHOMP,1,0,0,1.00039,-0.000190199,0.36,1.00039,-0.000190199,0.36,0.625399,0.1815,0.30738,0.625399,0.1815,0.30738,0.502707,0.224894,0.685618,0.502707,0.224894,0.685618
0,CHOMP,1,0,0,1.0004,-0.000184354,0.36,1.0004,-0.000184354,0.36,0.623436,0.175602,0.301685,0.623436,0.175602,0.301685,0.495346,0.219307,0.678093,0.495346,0.219307,0.678093
0,CHOMP,1,0,0,1.0004,-0.000178469,0.36,1.0004,-0.000178469,0.36,0.621636,0.169655,0.296001,0.621636,0.169655,0.296001,0.488136,0.213509,0.670507,0.488136,0.213509,0.670507
0,CHOMP,1,0,0,1.0004,-0.000172544,0.36,1.0004,-0.000172544,0.36,0.62,0.163662,0.290329,0.62,0.163662,0.290329,0.481083,0.207504,0.662861,0.481083,0.207504,0.662861
0,CHOMP,1,0,0,1.0004,-0.000166581,0.36,1.0004,-0.000166581,0.36,0.618531,0.157628,0.28467,0.618531,0.157628,0.28467,0.474195,0.201295,0.655157,0.474195,0.201295,0.655157
0,CHOMP,1,0,0,1.00041,-0.000160582,0.36,1.00041,-0.000160582,0.36,0.617229,0.151558,0.279026,0.617229,0.151558,0.279026,0.467476,0.194889,0.647396,0.467476,0.194889,0.647396
0,CHOMP,1,0,0,1.00041,-0.000154547,0.36,1.00041,-0.000154547,0.36,0.616094,0.145457,0.273396,0.616094,0.145457,0.273396,0.460933,0.188289,0.639579,0.460933,0.188289,0.639579
0,CHOMP,1,0,0,1.00041,-0.000148479,0.36,1.00041,-0.000148479,0.36,0.615129,0.13933,0.267782,0.615129,0.13933,0.267782,0.45457,0.181502,0.631709,0.45457,0.181502,0.631709
0,CHOMP,1,0,0,1.00041,-0.000142377,0.36,1.00041,-0.000142377,0.36,0.614333,0.133181,0.262186,0.614333,0.133181,0.262186,0.448393,0.174531,0.623786,0.448393,0.174531,0.623786
0,CHOMP,1,0,0,1.00041,-0.000136245,0.36,1.00041,-0.000136245,0.36,0.613707,0.127016,0.256608,0.613707,0.127016,0.256608,0.442408,0.167382,0.615812,0.442408,0.167382,0.615812
0,CHOMP,1,0,0,1.00042,-0.000130082,0.36,1.00042,-0.000130082,0.36,0.613252,0.120838,0.25105,0.613252,0.120838,0.25105,0.436618,0.160062,0.607788,0.436618,0.160062,0.607788
0,CHOMP,1,0,0,1.00042,-0.000123891,0.36,1.00042,-0.000123891,0.36,0.612967,0.114654,0.245511,0.612967,0.114654,0.245511,0.43103,0.152574,0.599716,0.43103,0.152574,0.599716
0,CHOMP,1,0,0,1.00042,-0.000117672,0.36,1.00042,-0.000117672,0.36,0.612853,0.108467,0.239995,0.612853,0.108467,0.239995,0.425648,0.144926,0.591598,0.425648,0.144926,0.591598
0,CHOMP,1,0,0,1.00042,-0.000111428,0.36,1.00042,-0.000111428,0.36,0.61291,0.102284,0.2345,0.61291,0.102284,0.2345,0.420477,0.137124,0.583435,0.420477,0.137124,0.583435
0,CHOMP,1,0,0,1.00042,-0.000105166,0.36,1.00042,-0.000105166,0.36,0.613137,0.0961142,0.229036,0.613137,0.0961142,0.229036,0.415526,0.129181,0.575238,0.415526,0.129181,0.575238
0,CHOMP,1,0,0,1.00042,-9.94157e-05,0.36,1.00042,-9.94157e-05,0.36,0.613495,0.0904799,0.224057,0.613495,0.0904799,0.224057,0.411187,0.121788,0.567701,0.411187,0.121788,0.567701
0,CHOMP,1,0,0,1.00043,-9.45136e-05,0.36,1.00043,-9.45136e-05,0.36,0.61391,0.0857015,0.219841,0.61391,0.0857015,0.219841,0.407645,0.115415,0.561268,0.407645,0.115415,0.561268
0,CHOMP,1,0,0,1.00043,-9.0467e-05,0.36,1.00043,-9.0467e-05,0.36,0.614329,0.0817754,0.216381,0.614329,0.0817754,0.216381,0.40483,0.110105,0.555951,0.40483,0.110105,0.555951
0,CHOMP,1,0,0,1.00043,-8.72814e-05,0.36,1.00043,-8.72814e-05,0.36,0.614706,0.0786971,0.21367,0.614706,0.0786971,0.21367,0.402684,0.105897,0.551763,0.402684,0.105897,0.551763
0,CHOMP,1,0,0,1.00043,-8.49613e-05,0.36,1.00043,-8.49613e-05,0.36,0.615008,0.0764621,0.211703,0.615008,0.0764621,0.211703,0.401159,0.102815,0.548711,0.401159,0.102815,0.548711
0,CHOMP,1,0,0,1.00043,-8.35095e-05,0.36,1.00043,-8.35095e-05,0.36,0.615208,0.0750668,0.210474,0.615208,0.0750668,0.210474,0.400222,0.100881,0.5468,0.400222,0.100881,0.5468
0,CHOMP,1,0,0,1.00043,-8.29278e-05,0.36,1.00043,-8.29278e-05,0.36,0.61529,0.0745083,0.209983,0.61529,0.0745083,0.209983,0.39985,0.100104,0.546034,0.39985,0.100104,0.546034
0,CHOMP,1,0,0,1.00043,-8.29155e-05,0.36,1.00043,-8.29155e-05,0.36,0.615292,0.0744966,0.209973,0.615292,0.0744966,0.209973,0.399842,0.100088,0.546018,0.399842,0.100088,0.546018
